Hunter's Mark	사냥꾼의 표식
Silencing Blank	공명을 깨는 공포탄
Notebook	사냥꾼의 수기
Vileblood Register	혈족 명부
League Staff	리그의 지팡이
Beckoning Bell	사냥꾼의 종
Small Resonant Bell	공명하는 작은 종
Sinister Resonant Bell	공명하는 불길한 종
Tiny Music Box	작은 오르골
Blood of Arianna	아리안나의 피
Blood of Adella	아데라의 피
Iosefka's Blood Vial	이오셰프카의 수혈액
Blood Dreg	피의 타락
Queenly Blood	여왕의 피
Blood of Adeline	아델린의 피
Point Forward	앞을 가리킨다
Hunter's Salutation	사냥꾼의 인사
Conviction	확신
Joy	환희
Shake off Cape	망토를 턴다
Church Bow (Male)	교단의 인사 (남성)
Curtsy	작부의 인사
Church Bow (Female)	교단의 인사 (여성)
Wave	손을 흔든다
Pray	기도
Wait	기다려
Shh!	조용!
Hunter's Rally	사냥꾼의 독려
Triumph	개가
Approval	칭찬
Roar	포효
Beg for Life	목숨 구걸
Brush off Dust	먼지를 턴다
Respect	배례
Deep Respect	정중한 인사
Make Contact	교신
Sit Down	앉는다
League Oath	리그의 맹약
Quicksilver Bullets	수은탄
Blood Bullets	혈탄
Blood Vial	수혈액
Antidote	해독제
Sedative	진정제
Beast Blood Pellet	야수 피의 환약
Blue Elixir	푸른 비약
Molotov Cocktail	화염병
Delayed Molotov	지연식 화염병
Poison Knife	독 나이프
Oil Urn	기름병
Pebble	돌멩이
Throwing Knife	투척 나이프
Rope Molotov Cocktail	끈 달린 화염병
Delayed Rope Molotov	지연식 밧줄 화염병
Pungent Blood Cocktail	시큼한 혈주
Numbing Mist	마비 안개
Fire Paper	발화 부싯깃
Empty Phantasm Shell	정령의 빈 껍데기
Bolt Paper	번개 부싯깃
Bone Marrow Ash	골수 가루
Bold Hunter's Mark	사냥꾼이라는 뚜렷한 증거
Shining Coins	빛나는 동전
Monocular	단망경
Hand Lantern	랜턴
Madman's Knowledge	광인의 지식
Great One's Wisdom	위대한 자의 지혜
Coldblood Dew (1)	사혈 방울 (1)
Coldblood Dew (2)	사혈 방울 (2)
Coldblood Dew (3)	사혈 방울 (3)
Thick Coldblood (4)	끈적한 사혈 (4)
Thick Coldblood (5)	끈적한 사혈 (5)
Thick Coldblood (6)	끈적한 사혈 (6)
Frenzied Coldblood (7)	발광의 사혈 (7)
Frenzied Coldblood (8)	발광의 사혈 (8)
Frenzied Coldblood (9)	발광의 사혈 (9)
Kin Coldblood (10)	권속의 사혈 (10)
Kin Coldblood (11)	권속의 사혈 (11)
Kin Coldblood (12)	권속의 사혈 (12)
Great One Coldblood	위대한 자의 사혈
Old Great One Coldblood	옛 위대한 자의 사혈
Revered Great One Coldblood	존경받는 위대한 자의 사혈
Caryll Rune: "Clockwise Metamorphosis"	카릴의 유고 "시계방향 변태"
Caryll Rune: "Anti-Clockwise Metamorphosis"	카릴의 유고 "반시계방향 변태"
Caryll Rune: "Communion"	카릴의 유고 "성찬식"
Caryll Rune: "Oedon Liaison"	카릴의 유고 "오에돈의 자취"
Caryll Rune: "Lake"	카릴의 유고 "호수"
Caryll Rune: "Deep Sea"	카릴의 유고 "심해"
Caryll Rune: "Destroyer"	카릴의 유고 "파괴자"
Caryll Rune: "Reveler"	카릴의 유고 "난봉꾼"
Caryll Rune: "Liaison"	카릴의 유고 "얽히는 자"
Caryll Rune: "Heir"	카릴의 유고 "계승자"
Caryll Rune: "Beast"	카릴의 유고 "야수"
Caryll Rune: "Moon"	카릴의 유고 "달"
Caryll Rune: "Eye"	카릴의 유고 "눈"
Petrified Blood Gem (1)	혈정의 화석 (1)
Petrified Blood Gem (2)	혈정의 화석 (2)
Petrified Blood Gem (3)	혈정의 화석 (3)
Petrified Blood Gem (4)	혈정의 화석 (4)
Petrified Blood Gem (5)	혈정의 화석 (5)
Petrified Blood Gem (6)	혈정의 화석 (6)
Petrified Abyssal Blood Gem	심연 혈정의 화석
Vermin	벌레
Augur of Ebrietas	이브리에타스의 전조
A Call Beyond	공허로의 외침
Beast Roar	야수의 포효
Lead Elixir	수은 비약
Choir Bell	성가의 종
Old Hunter Bone	고대 사냥꾼의 유골
Tiny Tonitrus	작은 토니트루스
Executioner's Gloves	사형 집행인의 장갑
Shaman Bone Blade	제사자의 뼈의 칼
Messenger's Gift	사자의 선물
Blacksky Eye	검은하늘 눈
Accursed Brew	저주받은 혼합물
Madaras Whistle	마다라스 휘슬
Blood Stone Shard	혈석의 파편
Twin Blood Stone Shards	혈석의 쌍둥이 파편
Blood Stone Chunk	혈석의 덩어리
Blood Rock	핏바위
Oedon Tomb Key	지하 무덤 열쇠
Gold Pendant	골드 펜던트
Cainhurst Summons	카인허스트 초대장
Orphanage Key	고아원의 열쇠
*	예배당 거리C 고아원 2층 열쇠
Iron Door Key	철문의 열쇠
Upper Cathedral Key	상층 열쇠
Hunter Chief Emblem	사냥 장의 인
Lecture Theatre Key	강의실 열쇠
Lunarium Key	망월대 열쇠
Laurence's Skull	로렌스의 해골
Underground Cell Inner Chamber Key	지하 감방 내실 열쇠
Eye Pendant	눈알 목걸이
Underground Cell Key	지하 감방 열쇠
Balcony Key	발코니 열쇠
Astral Clocktower Key	천체의 시계탑 열쇠
Celestial Dial	천계판
Workshop Haze Extractor	안개 걷는 공방 도구
Blood Gem Workshop Tool	혈정석 공방 도구
Rune Workshop Tool	비밀 문자 공방 도구
Short Ritual Root Chalice	약식 의식의 범성배
Saw Hunter Badge	톱 사냥꾼 증표
Crow Hunter Badge	까마귀 사냥꾼 증표
Powder Keg Hunter Badge	화약 사냥꾼 증표
Old Hunter Badge	고대 사냥꾼 증표
Sword Hunter Badge	칼잡이 사냥꾼 증표
Radiant Sword Hunter Badge	빛나는 검의 사냥꾼 증표
Wheel Hunter Badge	바퀴 사냥꾼 증표
Cainhurst Badge	카인 증표
Spark Hunter Badge	번개 사냥꾼 증표
Cosmic Eye Watcher Badge	별의 눈의 사냥꾼 증표
Firing Hammer Badge	포격 망치 사냥꾼의 증표
Small Hair Ornament	작은 머리장식
Tear Stone	눈물 돌
Ring of Betrothal	결혼 반지
Queenly Flesh	여왕의 살점
Red Jeweled Brooch	붉은 브로치
Unopened Summons	봉인된 초대장
Tonsil Stone	편도석
Eye of a Blood-drunk Hunter	피에 취한 사냥꾼의 눈
Old Hunter Bell	고대 사냥꾼의 종
One Third of Umbilical Cord	세 번째 탯줄
Yharnam Stone	야남의 돌
Brain Fluid	뇌수
Yharnam Messenger Hat	사자의 야남 모자
Worn Messenger Top Hat	사자의 낡은 신사 모자
Messenger Head Bandage	사자의 머리붕대
White Messenger Ribbon	사자의 하얀 리본
Red Messenger Ribbon	사자의 붉은 리본
Messenger Top Hat	사자의 신사 모자
Black Messenger Hat	사자의 검은 모자
Bloody Messenger Head Bandage	사자의 피투성이 머리 붕대
Messenger Urn Festival	사자의 항아리 축제
Pthumeru Root Chalice	투메르의 범성배
Pthumeru Chalice	투메르의 성배
Central Pthumeru Root Chalice	중앙 투메르의 범성배
Central Pthumeru Chalice	중앙 투메르의 성배
Hintertomb Root Chalice	그릇된 무덤의 범성배
Hintertomb Chalice	그릇된 무덤의 성배
Lower Pthumeru Root Chalice	깊은 투메르의 범성배
Sinister Lower Pthumeru Root Chalice	불길하고 깊은 투메르의 범성배
Lower Pthumeru Chalice	깊은 투메르의 성배
Lower Hintertomb Root Chalice	깊은 무덤의 범성배
Sinister Hintertomb Root Chalice	불길하고 깊은 무덤의 범성배
Lower Hintertomb Chalice	깊은 무덤의 성배
Cursed and Defiled Root Chalice	저주받은 모독의 범성배
Defiled Chalice	모독의 성배
Ailing Loran Root Chalice	병든 로랑의 범성배
Ailing Loran Chalice	병든 로랑의 성배
Pthumeru Ihyll Root Chalice	투메르 일의 범성배
Sinister Pthumeru Ihyll Root Chalice	투메르 일의 불길한 범성배
Great Pthumeru Ihyll Chalice	투메르 일의 대성배
Lower Ailing Loran Root Chalice	깊은 로랑의 범성배
Sinister Lower Loran Root Chalice	불길하고 깊은 로랑의 범성배
Lower Loran Chalice	깊은 로랑의 성배
Isz Root Chalice	이즈의 범성배
Sinister Isz Root Chalice	불길한 이즈의 범성배
Great Isz Chalice	이즈의 대성배
Ritual Blood (1)	의식의 피 (1)
Ritual Blood (2)	의식의 피 (2)
Ritual Blood (3)	의식의 피 (3)
Ritual Blood (4)	의식의 피 (4)
Ritual Blood (5)	의식의 피 (5)
Ritual Vestige (6)	제례의 흔적 (6)
Perfect Ritual Vestige	완전한 제례의 흔적
Coldblood Flowerbud (1)	싹튼 사혈화 (1)
Coldblood Flowerbud (2)	싹튼 사혈화 (2)
Coldblood Flowerbud	싹튼 사혈화
Coldblood Flower Bulb	사혈화의 꽃봉오리
Blooming Coldblood Flower	활짝 핀 사혈화
Coldblood Flower Bulb (6)	사혈화의 꽃봉오리 (6)
Tomb Mold (1)	무덤 곰팡이 (1)
Tomb Mold (2)	무덤 곰팡이 (2)
Tomb Mold (3)	무덤 곰팡이 (3)
Tomb Mold (4)	무덤 곰팡이 (4)
Tomb Mold (5)	무덤 곰팡이 (5)
Tomb Mold Spore (6)	무덤 곰팡이의 포자(6)
Soaring Tomb Mold	솟아오르는 무덤 곰팡이
Arcane Haze	신비로운 안개
Pearl Slug	진주 민달팽이
Hidden Incoagulable Blood	숨겨진 유혈
Cursed Incoagulable Blood	저주받은 유혈
Red Jelly	붉은 젤리
Vermiculum (not needed)	베르키쿨룸
Radiant Eelworm (not needed)	반짝이는 실지렁이
Sage's Wrist	성자의 손목
Sage's Hair	성자의 두개골
Inflicted Organ	병든 장기
Yellow Backbone	누런 등뼈
Bastard of Loran	로랑의 아이
Bloodshot Eyeball	충혈된 눈알
Living String	살아있는 끈
Bare Fists	맨손
Chikage	치카게
Chikage +1	치카게 +1
Chikage +2	치카게 +2
Chikage +3	치카게 +3
Chikage +4	치카게 +4
Chikage +5	치카게 +5
Chikage +6	치카게 +6
Chikage +7	치카게 +7
Chikage +8	치카게 +8
Chikage +9	치카게 +9
Chikage +10	치카게 +10
Uncanny Chikage	이질적인 치카게
Uncanny Chikage +1	이질적인 치카게 +1
Uncanny Chikage +2	이질적인 치카게 +2
Uncanny Chikage +3	이질적인 치카게 +3
Uncanny Chikage +4	이질적인 치카게 +4
Uncanny Chikage +5	이질적인 치카게 +5
Uncanny Chikage +6	이질적인 치카게 +6
Uncanny Chikage +7	이질적인 치카게 +7
Uncanny Chikage +8	이질적인 치카게 +8
Uncanny Chikage +9	이질적인 치카게 +9
Uncanny Chikage +10	이질적인 치카게 +10
Lost Chikage	잃어버린 치카게
Lost Chikage +1	잃어버린 치카게 +1
Lost Chikage +2	잃어버린 치카게 +2
Lost Chikage +3	잃어버린 치카게 +3
Lost Chikage +4	잃어버린 치카게 +4
Lost Chikage +5	잃어버린 치카게 +5
Lost Chikage +6	잃어버린 치카게 +6
Lost Chikage +7	잃어버린 치카게 +7
Lost Chikage +8	잃어버린 치카게 +8
Lost Chikage +9	잃어버린 치카게 +9
Lost Chikage +10	잃어버린 치카게 +10
Blade of Mercy	자비의 칼날
Blade of Mercy +1	자비의 칼날 +1
Blade of Mercy +2	자비의 칼날 +2
Blade of Mercy +3	자비의 칼날 +3
Blade of Mercy +4	자비의 칼날 +4
Blade of Mercy +5	자비의 칼날 +5
Blade of Mercy +6	자비의 칼날 +6
Blade of Mercy +7	자비의 칼날 +7
Blade of Mercy +8	자비의 칼날 +8
Blade of Mercy +9	자비의 칼날 +9
Blade of Mercy +10	자비의 칼날 +10
Uncanny Blade of Mercy	이질적인 자비의 칼날
Uncanny Blade of Mercy +1	이질적인 자비의 칼날 +1
Uncanny Blade of Mercy +2	이질적인 자비의 칼날 +2
Uncanny Blade of Mercy +3	이질적인 자비의 칼날 +3
Uncanny Blade of Mercy +4	이질적인 자비의 칼날 +4
Uncanny Blade of Mercy +5	이질적인 자비의 칼날 +5
Uncanny Blade of Mercy +6	이질적인 자비의 칼날 +6
Uncanny Blade of Mercy +7	이질적인 자비의 칼날 +7
Uncanny Blade of Mercy +8	이질적인 자비의 칼날 +8
Uncanny Blade of Mercy +9	이질적인 자비의 칼날 +9
Uncanny Blade of Mercy +10	이질적인 자비의 칼날 +10
Lost Blade of Mercy	잃어버린 자비의 칼날
Lost Blade of Mercy +1	잃어버린 자비의 칼날 +1
Lost Blade of Mercy +2	잃어버린 자비의 칼날 +2
Lost Blade of Mercy +3	잃어버린 자비의 칼날 +3
Lost Blade of Mercy +4	잃어버린 자비의 칼날 +4
Lost Blade of Mercy +5	잃어버린 자비의 칼날 +5
Lost Blade of Mercy +6	잃어버린 자비의 칼날 +6
Lost Blade of Mercy +7	잃어버린 자비의 칼날 +7
Lost Blade of Mercy +8	잃어버린 자비의 칼날 +8
Lost Blade of Mercy +9	잃어버린 자비의 칼날 +9
Lost Blade of Mercy +10	잃어버린 자비의 칼날 +10
Hunter Axe	야수 사냥의 도끼
Hunter Axe +1	야수 사냥의 도끼 +1
Hunter Axe +2	야수 사냥의 도끼 +2
Hunter Axe +3	야수 사냥의 도끼 +3
Hunter Axe +4	야수 사냥의 도끼 +4
Hunter Axe +5	야수 사냥의 도끼 +5
Hunter Axe +6	야수 사냥의 도끼 +6
Hunter Axe +7	야수 사냥의 도끼 +7
Hunter Axe +8	야수 사냥의 도끼 +8
Hunter Axe +9	야수 사냥의 도끼 +9
Hunter Axe +10	야수 사냥의 도끼 +10
Uncanny Hunter Axe	이질적인 사냥꾼의 도끼
Uncanny Hunter Axe +1	이질적인 사냥꾼의 도끼 +1
Uncanny Hunter Axe +2	이질적인 사냥꾼의 도끼 +2
Uncanny Hunter Axe +3	이질적인 사냥꾼의 도끼 +3
Uncanny Hunter Axe +4	이질적인 사냥꾼의 도끼 +4
Uncanny Hunter Axe +5	이질적인 사냥꾼의 도끼 +5
Uncanny Hunter Axe +6	이질적인 사냥꾼의 도끼 +6
Uncanny Hunter Axe +7	이질적인 사냥꾼의 도끼 +7
Uncanny Hunter Axe +8	이질적인 사냥꾼의 도끼 +8
Uncanny Hunter Axe +9	이질적인 사냥꾼의 도끼 +9
Uncanny Hunter Axe +10	이질적인 사냥꾼의 도끼 +10
Lost Hunter Axe	잃어버린 사냥꾼의 도끼
Lost Hunter Axe +1	잃어버린 사냥꾼의 도끼 +1
Lost Hunter Axe +2	잃어버린 사냥꾼의 도끼 +2
Lost Hunter Axe +3	잃어버린 사냥꾼의 도끼 +3
Lost Hunter Axe +4	잃어버린 사냥꾼의 도끼 +4
Lost Hunter Axe +5	잃어버린 사냥꾼의 도끼 +5
Lost Hunter Axe +6	잃어버린 사냥꾼의 도끼 +6
Lost Hunter Axe +7	잃어버린 사냥꾼의 도끼 +7
Lost Hunter Axe +8	잃어버린 사냥꾼의 도끼 +8
Lost Hunter Axe +9	잃어버린 사냥꾼의 도끼 +9
Lost Hunter Axe +10	잃어버린 사냥꾼의 도끼 +10
Burial Blade	장송의 칼날
Burial Blade +1	장송의 칼날 +1
Burial Blade +2	장송의 칼날 +2
Burial Blade +3	장송의 칼날 +3
Burial Blade +4	장송의 칼날 +4
Burial Blade +5	장송의 칼날 +5
Burial Blade +6	장송의 칼날 +6
Burial Blade +7	장송의 칼날 +7
Burial Blade +8	장송의 칼날 +8
Burial Blade +9	장송의 칼날 +9
Burial Blade +10	장송의 칼날 +10
Uncanny Burial Blade	이질적인 장송의 칼날
Uncanny Burial Blade +1	이질적인 장송의 칼날 +1
Uncanny Burial Blade +2	이질적인 장송의 칼날 +2
Uncanny Burial Blade +3	이질적인 장송의 칼날 +3
Uncanny Burial Blade +4	이질적인 장송의 칼날 +4
Uncanny Burial Blade +5	이질적인 장송의 칼날 +5
Uncanny Burial Blade +6	이질적인 장송의 칼날 +6
Uncanny Burial Blade +7	이질적인 장송의 칼날 +7
Uncanny Burial Blade +8	이질적인 장송의 칼날 +8
Uncanny Burial Blade +9	이질적인 장송의 칼날 +9
Uncanny Burial Blade +10	이질적인 장송의 칼날 +10
Lost Burial Blade	잃어버린 장송의 칼날
Lost Burial Blade +1	잃어버린 장송의 칼날 +1
Lost Burial Blade +2	잃어버린 장송의 칼날 +2
Lost Burial Blade +3	잃어버린 장송의 칼날 +3
Lost Burial Blade +4	잃어버린 장송의 칼날 +4
Lost Burial Blade +5	잃어버린 장송의 칼날 +5
Lost Burial Blade +6	잃어버린 장송의 칼날 +6
Lost Burial Blade +7	잃어버린 장송의 칼날 +7
Lost Burial Blade +8	잃어버린 장송의 칼날 +8
Lost Burial Blade +9	잃어버린 장송의 칼날 +9
Lost Burial Blade +10	잃어버린 장송의 칼날 +10
Hunter Blunderbuss	야수 사냥의 산탄총
Hunter Blunderbuss +1	야수 사냥의 산탄총 +1
Hunter Blunderbuss +2	야수 사냥의 산탄총 +2
Hunter Blunderbuss +3	야수 사냥의 산탄총 +3
Hunter Blunderbuss +4	야수 사냥의 산탄총 +4
Hunter Blunderbuss +5	야수 사냥의 산탄총 +5
Hunter Blunderbuss +6	야수 사냥의 산탄총 +6
Hunter Blunderbuss +7	야수 사냥의 산탄총 +7
Hunter Blunderbuss +8	야수 사냥의 산탄총 +8
Hunter Blunderbuss +9	야수 사냥의 산탄총 +9
Hunter Blunderbuss +10	야수 사냥의 산탄총 +10
Ludwig's Rifle	루드비히의 장총
Ludwig's Rifle +1	루드비히의 장총 +1
Ludwig's Rifle +2	루드비히의 장총 +2
Ludwig's Rifle +3	루드비히의 장총 +3
Ludwig's Rifle +4	루드비히의 장총 +4
Ludwig's Rifle +5	루드비히의 장총 +5
Ludwig's Rifle +6	루드비히의 장총 +6
Ludwig's Rifle +7	루드비히의 장총 +7
Ludwig's Rifle +8	루드비히의 장총 +8
Ludwig's Rifle +9	루드비히의 장총 +9
Ludwig's Rifle +10	루드비히의 장총 +10
Saw Cleaver	톱 단창
Saw Cleaver +1	톱 단창 +1
Saw Cleaver +2	톱 단창 +2
Saw Cleaver +3	톱 단창 +3
Saw Cleaver +4	톱 단창 +4
Saw Cleaver +5	톱 단창 +5
Saw Cleaver +6	톱 단창 +6
Saw Cleaver +7	톱 단창 +7
Saw Cleaver +8	톱 단창 +8
Saw Cleaver +9	톱 단창 +9
Saw Cleaver +10	톱 단창 +10
Uncanny Saw Cleaver	이질적인 톱 단창
Uncanny Saw Cleaver +1	이질적인 톱 단창 +1
Uncanny Saw Cleaver +2	이질적인 톱 단창 +2
Uncanny Saw Cleaver +3	이질적인 톱 단창 +3
Uncanny Saw Cleaver +4	이질적인 톱 단창 +4
Uncanny Saw Cleaver +5	이질적인 톱 단창 +5
Uncanny Saw Cleaver +6	이질적인 톱 단창 +6
Uncanny Saw Cleaver +7	이질적인 톱 단창 +7
Uncanny Saw Cleaver +8	이질적인 톱 단창 +8
Uncanny Saw Cleaver +9	이질적인 톱 단창 +9
Uncanny Saw Cleaver +10	이질적인 톱 단창 +10
Lost Saw Cleaver	잃어버린 톱 단창
Lost Saw Cleaver +1	잃어버린 톱 단창 +1
Lost Saw Cleaver +2	잃어버린 톱 단창 +2
Lost Saw Cleaver +3	잃어버린 톱 단창 +3
Lost Saw Cleaver +4	잃어버린 톱 단창 +4
Lost Saw Cleaver +5	잃어버린 톱 단창 +5
Lost Saw Cleaver +6	잃어버린 톱 단창 +6
Lost Saw Cleaver +7	잃어버린 톱 단창 +7
Lost Saw Cleaver +8	잃어버린 톱 단창 +8
Lost Saw Cleaver +9	잃어버린 톱 단창 +9
Lost Saw Cleaver +10	잃어버린 톱 단창 +10
Saw Spear	톱 창
Saw Spear +1	톱 창 +1
Saw Spear +2	톱 창 +2
Saw Spear +3	톱 창 +3
Saw Spear +4	톱 창 +4
Saw Spear +5	톱 창 +5
Saw Spear +6	톱 창 +6
Saw Spear +7	톱 창 +7
Saw Spear +8	톱 창 +8
Saw Spear +9	톱 창 +9
Saw Spear +10	톱 창 +10
Uncanny Saw Spear	이질적인 톱 창
Uncanny Saw Spear +1	이질적인 톱 창 +1
Uncanny Saw Spear +2	이질적인 톱 창 +2
Uncanny Saw Spear +3	이질적인 톱 창 +3
Uncanny Saw Spear +4	이질적인 톱 창 +4
Uncanny Saw Spear +5	이질적인 톱 창 +5
Uncanny Saw Spear +6	이질적인 톱 창 +6
Uncanny Saw Spear +7	이질적인 톱 창 +7
Uncanny Saw Spear +8	이질적인 톱 창 +8
Uncanny Saw Spear +9	이질적인 톱 창 +9
Uncanny Saw Spear +10	이질적인 톱 창 +10
Lost Saw Spear	잃어버린 톱 창
Lost Saw Spear +1	잃어버린 톱 창 +1
Lost Saw Spear +2	잃어버린 톱 창 +2
Lost Saw Spear +3	잃어버린 톱 창 +3
Lost Saw Spear +4	잃어버린 톱 창 +4
Lost Saw Spear +5	잃어버린 톱 창 +5
Lost Saw Spear +6	잃어버린 톱 창 +6
Lost Saw Spear +7	잃어버린 톱 창 +7
Lost Saw Spear +8	잃어버린 톱 창 +8
Lost Saw Spear +9	잃어버린 톱 창 +9
Lost Saw Spear +10	잃어버린 톱 창 +10
Kirkhammer	교단의 돌망치
Kirkhammer +1	교단의 돌망치 +1
Kirkhammer +2	교단의 돌망치 +2
Kirkhammer +3	교단의 돌망치 +3
Kirkhammer +4	교단의 돌망치 +4
Kirkhammer +5	교단의 돌망치 +5
Kirkhammer +6	교단의 돌망치 +6
Kirkhammer +7	교단의 돌망치 +7
Kirkhammer +8	교단의 돌망치 +8
Kirkhammer +9	교단의 돌망치 +9
Kirkhammer +10	교단의 돌망치 +10
Uncanny Kirkhammer	이질적인 교단의 돌망치
Uncanny Kirkhammer +1	이질적인 교단의 돌망치 +1
Uncanny Kirkhammer +2	이질적인 교단의 돌망치 +2
Uncanny Kirkhammer +3	이질적인 교단의 돌망치 +3
Uncanny Kirkhammer +4	이질적인 교단의 돌망치 +4
Uncanny Kirkhammer +5	이질적인 교단의 돌망치 +5
Uncanny Kirkhammer +6	이질적인 교단의 돌망치 +6
Uncanny Kirkhammer +7	이질적인 교단의 돌망치 +7
Uncanny Kirkhammer +8	이질적인 교단의 돌망치 +8
Uncanny Kirkhammer +9	이질적인 교단의 돌망치 +9
Uncanny Kirkhammer +10	이질적인 교단의 돌망치 +10
Lost Kirkhammer	잃어버린 교단의 돌망치
Lost Kirkhammer +1	잃어버린 교단의 돌망치 +1
Lost Kirkhammer +2	잃어버린 교단의 돌망치 +2
Lost Kirkhammer +3	잃어버린 교단의 돌망치 +3
Lost Kirkhammer +4	잃어버린 교단의 돌망치 +4
Lost Kirkhammer +5	잃어버린 교단의 돌망치 +5
Lost Kirkhammer +6	잃어버린 교단의 돌망치 +6
Lost Kirkhammer +7	잃어버린 교단의 돌망치 +7
Lost Kirkhammer +8	잃어버린 교단의 돌망치 +8
Lost Kirkhammer +9	잃어버린 교단의 돌망치 +9
Lost Kirkhammer +10	잃어버린 교단의 돌망치 +10
Ludwig's Holy Blade	루드비히의 성검
Ludwig's Holy Blade +1	루드비히의 성검 +1
Ludwig's Holy Blade +2	루드비히의 성검 +2
Ludwig's Holy Blade +3	루드비히의 성검 +3
Ludwig's Holy Blade +4	루드비히의 성검 +4
Ludwig's Holy Blade +5	루드비히의 성검 +5
Ludwig's Holy Blade +6	루드비히의 성검 +6
Ludwig's Holy Blade +7	루드비히의 성검 +7
Ludwig's Holy Blade +8	루드비히의 성검 +8
Ludwig's Holy Blade +9	루드비히의 성검 +9
Ludwig's Holy Blade +10	루드비히의 성검 +10
Ludwig's Uncanny Holy Blade	이질적인 성검
Ludwig's Uncanny Holy Blade +1	이질적인 성검 +1
Ludwig's Uncanny Holy Blade +2	이질적인 성검 +2
Ludwig's Uncanny Holy Blade +3	이질적인 성검 +3
Ludwig's Uncanny Holy Blade +4	이질적인 성검 +4
Ludwig's Uncanny Holy Blade +5	이질적인 성검 +5
Ludwig's Uncanny Holy Blade +6	이질적인 성검 +6
Ludwig's Uncanny Holy Blade +7	이질적인 성검 +7
Ludwig's Uncanny Holy Blade +8	이질적인 성검 +8
Ludwig's Uncanny Holy Blade +9	이질적인 성검 +9
Ludwig's Uncanny Holy Blade +10	이질적인 성검 +10
Ludwig's Lost Holy Blade	잃어버린 성검
Ludwig's Lost Holy Blade +1	잃어버린 성검 +1
Ludwig's Lost Holy Blade +2	잃어버린 성검 +2
Ludwig's Lost Holy Blade +3	잃어버린 성검 +3
Ludwig's Lost Holy Blade +4	잃어버린 성검 +4
Ludwig's Lost Holy Blade +5	잃어버린 성검 +5
Ludwig's Lost Holy Blade +6	잃어버린 성검 +6
Ludwig's Lost Holy Blade +7	잃어버린 성검 +7
Ludwig's Lost Holy Blade +8	잃어버린 성검 +8
Ludwig's Lost Holy Blade +9	잃어버린 성검 +9
Ludwig's Lost Holy Blade +10	잃어버린 성검 +10
Beast Claw	야수의 발톱
Beast Claw +1	야수의 발톱 +1
Beast Claw +2	야수의 발톱 +2
Beast Claw +3	야수의 발톱 +3
Beast Claw +4	야수의 발톱 +4
Beast Claw +5	야수의 발톱 +5
Beast Claw +6	야수의 발톱 +6
Beast Claw +7	야수의 발톱 +7
Beast Claw +8	야수의 발톱 +8
Beast Claw +9	야수의 발톱 +9
Beast Claw +10	야수의 발톱 +10
Uncanny Beast Claw	이질적인 야수의 발톱
Uncanny Beast Claw +1	이질적인 야수의 발톱 +1
Uncanny Beast Claw +2	이질적인 야수의 발톱 +2
Uncanny Beast Claw +3	이질적인 야수의 발톱 +3
Uncanny Beast Claw +4	이질적인 야수의 발톱 +4
Uncanny Beast Claw +5	이질적인 야수의 발톱 +5
Uncanny Beast Claw +6	이질적인 야수의 발톱 +6
Uncanny Beast Claw +7	이질적인 야수의 발톱 +7
Uncanny Beast Claw +8	이질적인 야수의 발톱 +8
Uncanny Beast Claw +9	이질적인 야수의 발톱 +9
Uncanny Beast Claw +10	이질적인 야수의 발톱 +10
Lost Beast Claw	잃어버린 야수의 발톱
Lost Beast Claw +1	잃어버린 야수의 발톱 +1
Lost Beast Claw +2	잃어버린 야수의 발톱 +2
Lost Beast Claw +3	잃어버린 야수의 발톱 +3
Lost Beast Claw +4	잃어버린 야수의 발톱 +4
Lost Beast Claw +5	잃어버린 야수의 발톱 +5
Lost Beast Claw +6	잃어버린 야수의 발톱 +6
Lost Beast Claw +7	잃어버린 야수의 발톱 +7
Lost Beast Claw +8	잃어버린 야수의 발톱 +8
Lost Beast Claw +9	잃어버린 야수의 발톱 +9
Lost Beast Claw +10	잃어버린 야수의 발톱 +10
Rifle Spear	총창
Rifle Spear +1	총창 +1
Rifle Spear +2	총창 +2
Rifle Spear +3	총창 +3
Rifle Spear +4	총창 +4
Rifle Spear +5	총창 +5
Rifle Spear +6	총창 +6
Rifle Spear +7	총창 +7
Rifle Spear +8	총창 +8
Rifle Spear +9	총창 +9
Rifle Spear +10	총창 +10
Uncanny Rifle Spear	이질적인 총창
Uncanny Rifle Spear +1	이질적인 총창 +1
Uncanny Rifle Spear +2	이질적인 총창 +2
Uncanny Rifle Spear +3	이질적인 총창 +3
Uncanny Rifle Spear +4	이질적인 총창 +4
Uncanny Rifle Spear +5	이질적인 총창 +5
Uncanny Rifle Spear +6	이질적인 총창 +6
Uncanny Rifle Spear +7	이질적인 총창 +7
Uncanny Rifle Spear +8	이질적인 총창 +8
Uncanny Rifle Spear +9	이질적인 총창 +9
Uncanny Rifle Spear +10	이질적인 총창 +10
Lost Rifle Spear	잃어버린 총창
Lost Rifle Spear +1	잃어버린 총창 +1
Lost Rifle Spear +2	잃어버린 총창 +2
Lost Rifle Spear +3	잃어버린 총창 +3
Lost Rifle Spear +4	잃어버린 총창 +4
Lost Rifle Spear +5	잃어버린 총창 +5
Lost Rifle Spear +6	잃어버린 총창 +6
Lost Rifle Spear +7	잃어버린 총창 +7
Lost Rifle Spear +8	잃어버린 총창 +8
Lost Rifle Spear +9	잃어버린 총창 +9
Lost Rifle Spear +10	잃어버린 총창 +10
Reiterpallasch	레이테르팔라슈
Reiterpallasch +1	레이테르팔라슈 +1
Reiterpallasch +2	레이테르팔라슈 +2
Reiterpallasch +3	레이테르팔라슈 +3
Reiterpallasch +4	레이테르팔라슈 +4
Reiterpallasch +5	레이테르팔라슈 +5
Reiterpallasch +6	레이테르팔라슈 +6
Reiterpallasch +7	레이테르팔라슈 +7
Reiterpallasch +8	레이테르팔라슈 +8
Reiterpallasch +9	레이테르팔라슈 +9
Reiterpallasch +10	레이테르팔라슈 +10
Uncanny Reiterpallasch	이질적인 레이테르팔라슈
Uncanny Reiterpallasch +1	이질적인 레이테르팔라슈 +1
Uncanny Reiterpallasch +2	이질적인 레이테르팔라슈 +2
Uncanny Reiterpallasch +3	이질적인 레이테르팔라슈 +3
Uncanny Reiterpallasch +4	이질적인 레이테르팔라슈 +4
Uncanny Reiterpallasch +5	이질적인 레이테르팔라슈 +5
Uncanny Reiterpallasch +6	이질적인 레이테르팔라슈 +6
Uncanny Reiterpallasch +7	이질적인 레이테르팔라슈 +7
Uncanny Reiterpallasch +8	이질적인 레이테르팔라슈 +8
Uncanny Reiterpallasch +9	이질적인 레이테르팔라슈 +9
Uncanny Reiterpallasch +10	이질적인 레이테르팔라슈 +10
Lost Reiterpallasch	잃어버린 레이테르팔라슈
Lost Reiterpallasch +1	잃어버린 레이테르팔라슈 +1
Lost Reiterpallasch +2	잃어버린 레이테르팔라슈 +2
Lost Reiterpallasch +3	잃어버린 레이테르팔라슈 +3
Lost Reiterpallasch +4	잃어버린 레이테르팔라슈 +4
Lost Reiterpallasch +5	잃어버린 레이테르팔라슈 +5
Lost Reiterpallasch +6	잃어버린 레이테르팔라슈 +6
Lost Reiterpallasch +7	잃어버린 레이테르팔라슈 +7
Lost Reiterpallasch +8	잃어버린 레이테르팔라슈 +8
Lost Reiterpallasch +9	잃어버린 레이테르팔라슈 +9
Lost Reiterpallasch +10	잃어버린 레이테르팔라슈 +10
Stake Driver	말뚝박이
Stake Driver +1	말뚝박이 +1
Stake Driver +2	말뚝박이 +2
Stake Driver +3	말뚝박이 +3
Stake Driver +4	말뚝박이 +4
Stake Driver +5	말뚝박이 +5
Stake Driver +6	말뚝박이 +6
Stake Driver +7	말뚝박이 +7
Stake Driver +8	말뚝박이 +8
Stake Driver +9	말뚝박이 +9
Stake Driver +10	말뚝박이 +10
Uncanny Stake Driver	이질적인 말뚝박이
Uncanny Stake Driver +1	이질적인 말뚝박이 +1
Uncanny Stake Driver +2	이질적인 말뚝박이 +2
Uncanny Stake Driver +3	이질적인 말뚝박이 +3
Uncanny Stake Driver +4	이질적인 말뚝박이 +4
Uncanny Stake Driver +5	이질적인 말뚝박이 +5
Uncanny Stake Driver +6	이질적인 말뚝박이 +6
Uncanny Stake Driver +7	이질적인 말뚝박이 +7
Uncanny Stake Driver +8	이질적인 말뚝박이 +8
Uncanny Stake Driver +9	이질적인 말뚝박이 +9
Uncanny Stake Driver +10	이질적인 말뚝박이 +10
Lost Stake Driver	잃어버린 말뚝박이
Lost Stake Driver +1	잃어버린 말뚝박이 +1
Lost Stake Driver +2	잃어버린 말뚝박이 +2
Lost Stake Driver +3	잃어버린 말뚝박이 +3
Lost Stake Driver +4	잃어버린 말뚝박이 +4
Lost Stake Driver +5	잃어버린 말뚝박이 +5
Lost Stake Driver +6	잃어버린 말뚝박이 +6
Lost Stake Driver +7	잃어버린 말뚝박이 +7
Lost Stake Driver +8	잃어버린 말뚝박이 +8
Lost Stake Driver +9	잃어버린 말뚝박이 +9
Lost Stake Driver +10	잃어버린 말뚝박이 +10
Logarius' Wheel	로가리우스의 바퀴
Logarius' Wheel +1	로가리우스의 바퀴 +1
Logarius' Wheel +2	로가리우스의 바퀴 +2
Logarius' Wheel +3	로가리우스의 바퀴 +3
Logarius' Wheel +4	로가리우스의 바퀴 +4
Logarius' Wheel +5	로가리우스의 바퀴 +5
Logarius' Wheel +6	로가리우스의 바퀴 +6
Logarius' Wheel +7	로가리우스의 바퀴 +7
Logarius' Wheel +8	로가리우스의 바퀴 +8
Logarius' Wheel +9	로가리우스의 바퀴 +9
Logarius' Wheel +10	로가리우스의 바퀴 +10
Logarius' Uncanny Wheel	이질적인 바퀴
Logarius' Uncanny Wheel +1	이질적인 바퀴 +1
Logarius' Uncanny Wheel +2	이질적인 바퀴 +2
Logarius' Uncanny Wheel +3	이질적인 바퀴 +3
Logarius' Uncanny Wheel +4	이질적인 바퀴 +4
Logarius' Uncanny Wheel +5	이질적인 바퀴 +5
Logarius' Uncanny Wheel +6	이질적인 바퀴 +6
Logarius' Uncanny Wheel +7	이질적인 바퀴 +7
Logarius' Uncanny Wheel +8	이질적인 바퀴 +8
Logarius' Uncanny Wheel +9	이질적인 바퀴 +9
Logarius' Uncanny Wheel +10	이질적인 바퀴 +10
Logarius' Lost Wheel	잃어버린 바퀴
Logarius' Lost Wheel +1	잃어버린 바퀴 +1
Logarius' Lost Wheel +2	잃어버린 바퀴 +2
Logarius' Lost Wheel +3	잃어버린 바퀴 +3
Logarius' Lost Wheel +4	잃어버린 바퀴 +4
Logarius' Lost Wheel +5	잃어버린 바퀴 +5
Logarius' Lost Wheel +6	잃어버린 바퀴 +6
Logarius' Lost Wheel +7	잃어버린 바퀴 +7
Logarius' Lost Wheel +8	잃어버린 바퀴 +8
Logarius' Lost Wheel +9	잃어버린 바퀴 +9
Logarius' Lost Wheel +10	잃어버린 바퀴 +10
Tonitrus	토니트루스
Tonitrus +1	토니트루스 +1
Tonitrus +2	토니트루스 +2
Tonitrus +3	토니트루스 +3
Tonitrus +4	토니트루스 +4
Tonitrus +5	토니트루스 +5
Tonitrus +6	토니트루스 +6
Tonitrus +7	토니트루스 +7
Tonitrus +8	토니트루스 +8
Tonitrus +9	토니트루스 +9
Tonitrus +10	토니트루스 +10
Uncanny Tonitrus	이질적인 토니트루스
Uncanny Tonitrus +1	이질적인 토니트루스 +1
Uncanny Tonitrus +2	이질적인 토니트루스 +2
Uncanny Tonitrus +3	이질적인 토니트루스 +3
Uncanny Tonitrus +4	이질적인 토니트루스 +4
Uncanny Tonitrus +5	이질적인 토니트루스 +5
Uncanny Tonitrus +6	이질적인 토니트루스 +6
Uncanny Tonitrus +7	이질적인 토니트루스 +7
Uncanny Tonitrus +8	이질적인 토니트루스 +8
Uncanny Tonitrus +9	이질적인 토니트루스 +9
Uncanny Tonitrus +10	이질적인 토니트루스 +10
Lost Tonitrus	잃어버린 토니트루스
Lost Tonitrus +1	잃어버린 토니트루스 +1
Lost Tonitrus +2	잃어버린 토니트루스 +2
Lost Tonitrus +3	잃어버린 토니트루스 +3
Lost Tonitrus +4	잃어버린 토니트루스 +4
Lost Tonitrus +5	잃어버린 토니트루스 +5
Lost Tonitrus +6	잃어버린 토니트루스 +6
Lost Tonitrus +7	잃어버린 토니트루스 +7
Lost Tonitrus +8	잃어버린 토니트루스 +8
Lost Tonitrus +9	잃어버린 토니트루스 +9
Lost Tonitrus +10	잃어버린 토니트루스 +10
Hunter Pistol	야수 사냥의 단총
Hunter Pistol +1	야수 사냥의 단총 +1
Hunter Pistol +2	야수 사냥의 단총 +2
Hunter Pistol +3	야수 사냥의 단총 +3
Hunter Pistol +4	야수 사냥의 단총 +4
Hunter Pistol +5	야수 사냥의 단총 +5
Hunter Pistol +6	야수 사냥의 단총 +6
Hunter Pistol +7	야수 사냥의 단총 +7
Hunter Pistol +8	야수 사냥의 단총 +8
Hunter Pistol +9	야수 사냥의 단총 +9
Hunter Pistol +10	야수 사냥의 단총 +10
Evelyn	에블린
Evelyn +1	에블린 +1
Evelyn +2	에블린 +2
Evelyn +3	에블린 +3
Evelyn +4	에블린 +4
Evelyn +5	에블린 +5
Evelyn +6	에블린 +6
Evelyn +7	에블린 +7
Evelyn +8	에블린 +8
Evelyn +9	에블린 +9
Evelyn +10	에블린 +10
Repeating Pistol	교단의 연발총
Repeating Pistol +1	교단의 연발총 +1
Repeating Pistol +2	교단의 연발총 +2
Repeating Pistol +3	교단의 연발총 +3
Repeating Pistol +4	교단의 연발총 +4
Repeating Pistol +5	교단의 연발총 +5
Repeating Pistol +6	교단의 연발총 +6
Repeating Pistol +7	교단의 연발총 +7
Repeating Pistol +8	교단의 연발총 +8
Repeating Pistol +9	교단의 연발총 +9
Repeating Pistol +10	교단의 연발총 +10
Cannon	대포
Cannon +1	대포 +1
Cannon +2	대포 +2
Cannon +3	대포 +3
Cannon +4	대포 +4
Cannon +5	대포 +5
Cannon +6	대포 +6
Cannon +7	대포 +7
Cannon +8	대포 +8
Cannon +9	대포 +9
Cannon +10	대포 +10
Rosmarinus	로즈마리누스
Rosmarinus +1	로즈마리누스 +1
Rosmarinus +2	로즈마리누스 +2
Rosmarinus +3	로즈마리누스 +3
Rosmarinus +4	로즈마리누스 +4
Rosmarinus +5	로즈마리누스 +5
Rosmarinus +6	로즈마리누스 +6
Rosmarinus +7	로즈마리누스 +7
Rosmarinus +8	로즈마리누스 +8
Rosmarinus +9	로즈마리누스 +9
Rosmarinus +10	로즈마리누스 +10
Flamesprayer	화염방사기
Flamesprayer +1	화염방사기 +1
Flamesprayer +2	화염방사기 +2
Flamesprayer +3	화염방사기 +3
Flamesprayer +4	화염방사기 +4
Flamesprayer +5	화염방사기 +5
Flamesprayer +6	화염방사기 +6
Flamesprayer +7	화염방사기 +7
Flamesprayer +8	화염방사기 +8
Flamesprayer +9	화염방사기 +9
Flamesprayer +10	화염방사기 +10
Wooden Shield	나무방패
Wooden Shield +1	나무방패 +1
Wooden Shield +2	나무방패 +2
Wooden Shield +3	나무방패 +3
Wooden Shield +4	나무방패 +4
Wooden Shield +5	나무방패 +5
Wooden Shield +6	나무방패 +6
Wooden Shield +7	나무방패 +7
Wooden Shield +8	나무방패 +8
Wooden Shield +9	나무방패 +9
Wooden Shield +10	나무방패 +10
Loch Shield	호수 방패
Loch Shield +1	호수 방패 +1
Loch Shield +2	호수 방패 +2
Loch Shield +3	호수 방패 +3
Loch Shield +4	호수 방패 +4
Loch Shield +5	호수 방패 +5
Loch Shield +6	호수 방패 +6
Loch Shield +7	호수 방패 +7
Loch Shield +8	호수 방패 +8
Loch Shield +9	호수 방패 +9
Loch Shield +10	호수 방패 +10
Hunter's Torch	야수 사냥의 횃불
Hunter's Torch +1	야수 사냥의 횃불 +1
Hunter's Torch +2	야수 사냥의 횃불 +2
Hunter's Torch +3	야수 사냥의 횃불 +3
Hunter's Torch +4	야수 사냥의 횃불 +4
Hunter's Torch +5	야수 사냥의 횃불 +5
Hunter's Torch +6	야수 사냥의 횃불 +6
Hunter's Torch +7	야수 사냥의 횃불 +7
Hunter's Torch +8	야수 사냥의 횃불 +8
Hunter's Torch +9	야수 사냥의 횃불 +9
Hunter's Torch +10	야수 사냥의 횃불 +10
Torch	횃불
Torch +1	횃불 +1
Torch +2	횃불 +2
Torch +3	횃불 +3
Torch +4	횃불 +4
Torch +5	횃불 +5
Torch +6	횃불 +6
Torch +7	횃불 +7
Torch +8	횃불 +8
Torch +9	횃불 +9
Torch +10	횃불 +10
Threaded Cane	칼날 지팡이
Threaded Cane +1	칼날 지팡이 +1
Threaded Cane +2	칼날 지팡이 +2
Threaded Cane +3	칼날 지팡이 +3
Threaded Cane +4	칼날 지팡이 +4
Threaded Cane +5	칼날 지팡이 +5
Threaded Cane +6	칼날 지팡이 +6
Threaded Cane +7	칼날 지팡이 +7
Threaded Cane +8	칼날 지팡이 +8
Threaded Cane +9	칼날 지팡이 +9
Threaded Cane +10	칼날 지팡이 +10
Uncanny Threaded Cane	이질적인 칼날 지팡이
Uncanny Threaded Cane +1	이질적인 칼날 지팡이 +1
Uncanny Threaded Cane +2	이질적인 칼날 지팡이 +2
Uncanny Threaded Cane +3	이질적인 칼날 지팡이 +3
Uncanny Threaded Cane +4	이질적인 칼날 지팡이 +4
Uncanny Threaded Cane +5	이질적인 칼날 지팡이 +5
Uncanny Threaded Cane +6	이질적인 칼날 지팡이 +6
Uncanny Threaded Cane +7	이질적인 칼날 지팡이 +7
Uncanny Threaded Cane +8	이질적인 칼날 지팡이 +8
Uncanny Threaded Cane +9	이질적인 칼날 지팡이 +9
Uncanny Threaded Cane +10	이질적인 칼날 지팡이 +10
Lost Threaded Cane	잃어버린 칼날 지팡이
Lost Threaded Cane +1	잃어버린 칼날 지팡이 +1
Lost Threaded Cane +2	잃어버린 칼날 지팡이 +2
Lost Threaded Cane +3	잃어버린 칼날 지팡이 +3
Lost Threaded Cane +4	잃어버린 칼날 지팡이 +4
Lost Threaded Cane +5	잃어버린 칼날 지팡이 +5
Lost Threaded Cane +6	잃어버린 칼날 지팡이 +6
Lost Threaded Cane +7	잃어버린 칼날 지팡이 +7
Lost Threaded Cane +8	잃어버린 칼날 지팡이 +8
Lost Threaded Cane +9	잃어버린 칼날 지팡이 +9
Lost Threaded Cane +10	잃어버린 칼날 지팡이 +10
Beasthunter Saif	야수사냥꾼 사이프
Beasthunter Saif +1	야수사냥꾼 사이프 +1
Beasthunter Saif +2	야수사냥꾼 사이프 +2
Beasthunter Saif +3	야수사냥꾼 사이프 +3
Beasthunter Saif +4	야수사냥꾼 사이프 +4
Beasthunter Saif +5	야수사냥꾼 사이프 +5
Beasthunter Saif +6	야수사냥꾼 사이프 +6
Beasthunter Saif +7	야수사냥꾼 사이프 +7
Beasthunter Saif +8	야수사냥꾼 사이프 +8
Beasthunter Saif +9	야수사냥꾼 사이프 +9
Beasthunter Saif +10	야수사냥꾼 사이프 +10
Uncanny Beasthunter Saif	이질적인 야수사냥꾼 사이프
Uncanny Beasthunter Saif +1	이질적인 야수사냥꾼 사이프 +1
Uncanny Beasthunter Saif +2	이질적인 야수사냥꾼 사이프 +2
Uncanny Beasthunter Saif +3	이질적인 야수사냥꾼 사이프 +3
Uncanny Beasthunter Saif +4	이질적인 야수사냥꾼 사이프 +4
Uncanny Beasthunter Saif +5	이질적인 야수사냥꾼 사이프 +5
Uncanny Beasthunter Saif +6	이질적인 야수사냥꾼 사이프 +6
Uncanny Beasthunter Saif +7	이질적인 야수사냥꾼 사이프 +7
Uncanny Beasthunter Saif +8	이질적인 야수사냥꾼 사이프 +8
Uncanny Beasthunter Saif +9	이질적인 야수사냥꾼 사이프 +9
Uncanny Beasthunter Saif +10	이질적인 야수사냥꾼 사이프 +10
Lost Beasthunter Saif	잃어버린 야수사냥꾼 사이프
Lost Beasthunter Saif +1	잃어버린 야수사냥꾼 사이프 +1
Lost Beasthunter Saif +2	잃어버린 야수사냥꾼 사이프 +2
Lost Beasthunter Saif +3	잃어버린 야수사냥꾼 사이프 +3
Lost Beasthunter Saif +4	잃어버린 야수사냥꾼 사이프 +4
Lost Beasthunter Saif +5	잃어버린 야수사냥꾼 사이프 +5
Lost Beasthunter Saif +6	잃어버린 야수사냥꾼 사이프 +6
Lost Beasthunter Saif +7	잃어버린 야수사냥꾼 사이프 +7
Lost Beasthunter Saif +8	잃어버린 야수사냥꾼 사이프 +8
Lost Beasthunter Saif +9	잃어버린 야수사냥꾼 사이프 +9
Lost Beasthunter Saif +10	잃어버린 야수사냥꾼 사이프 +10
Beast Cutter	야수 절단기
Beast Cutter +1	야수 절단기 +1
Beast Cutter +2	야수 절단기 +2
Beast Cutter +3	야수 절단기 +3
Beast Cutter +4	야수 절단기 +4
Beast Cutter +5	야수 절단기 +5
Beast Cutter +6	야수 절단기 +6
Beast Cutter +7	야수 절단기 +7
Beast Cutter +8	야수 절단기 +8
Beast Cutter +9	야수 절단기 +9
Beast Cutter +10	야수 절단기 +10
Uncanny Beast Cutter	이질적인 야수 절단기
Uncanny Beast Cutter +1	이질적인 야수 절단기 +1
Uncanny Beast Cutter +2	이질적인 야수 절단기 +2
Uncanny Beast Cutter +3	이질적인 야수 절단기 +3
Uncanny Beast Cutter +4	이질적인 야수 절단기 +4
Uncanny Beast Cutter +5	이질적인 야수 절단기 +5
Uncanny Beast Cutter +6	이질적인 야수 절단기 +6
Uncanny Beast Cutter +7	이질적인 야수 절단기 +7
Uncanny Beast Cutter +8	이질적인 야수 절단기 +8
Uncanny Beast Cutter +9	이질적인 야수 절단기 +9
Uncanny Beast Cutter +10	이질적인 야수 절단기 +10
Lost Beast Cutter	잃어버린 야수 절단기
Lost Beast Cutter +1	잃어버린 야수 절단기 +1
Lost Beast Cutter +2	잃어버린 야수 절단기 +2
Lost Beast Cutter +3	잃어버린 야수 절단기 +3
Lost Beast Cutter +4	잃어버린 야수 절단기 +4
Lost Beast Cutter +5	잃어버린 야수 절단기 +5
Lost Beast Cutter +6	잃어버린 야수 절단기 +6
Lost Beast Cutter +7	잃어버린 야수 절단기 +7
Lost Beast Cutter +8	잃어버린 야수 절단기 +8
Lost Beast Cutter +9	잃어버린 야수 절단기 +9
Lost Beast Cutter +10	잃어버린 야수 절단기 +10
Amygdalan Arm	아미그달라종의 팔
Amygdalan Arm +1	아미그달라종의 팔 +1
Amygdalan Arm +2	아미그달라종의 팔 +2
Amygdalan Arm +3	아미그달라종의 팔 +3
Amygdalan Arm +4	아미그달라종의 팔 +4
Amygdalan Arm +5	아미그달라종의 팔 +5
Amygdalan Arm +6	아미그달라종의 팔 +6
Amygdalan Arm +7	아미그달라종의 팔 +7
Amygdalan Arm +8	아미그달라종의 팔 +8
Amygdalan Arm +9	아미그달라종의 팔 +9
Amygdalan Arm +10	아미그달라종의 팔 +10
Uncanny Amygdalan Arm	이질적인 아미그달라종의 팔
Uncanny Amygdalan Arm +1	이질적인 아미그달라종의 팔 +1
Uncanny Amygdalan Arm +2	이질적인 아미그달라종의 팔 +2
Uncanny Amygdalan Arm +3	이질적인 아미그달라종의 팔 +3
Uncanny Amygdalan Arm +4	이질적인 아미그달라종의 팔 +4
Uncanny Amygdalan Arm +5	이질적인 아미그달라종의 팔 +5
Uncanny Amygdalan Arm +6	이질적인 아미그달라종의 팔 +6
Uncanny Amygdalan Arm +7	이질적인 아미그달라종의 팔 +7
Uncanny Amygdalan Arm +8	이질적인 아미그달라종의 팔 +8
Uncanny Amygdalan Arm +9	이질적인 아미그달라종의 팔 +9
Uncanny Amygdalan Arm +10	이질적인 아미그달라종의 팔 +10
Lost Amygdalan Arm	잃어버린 아미그달라종의 팔
Lost Amygdalan Arm +1	잃어버린 아미그달라종의 팔 +1
Lost Amygdalan Arm +2	잃어버린 아미그달라종의 팔 +2
Lost Amygdalan Arm +3	잃어버린 아미그달라종의 팔 +3
Lost Amygdalan Arm +4	잃어버린 아미그달라종의 팔 +4
Lost Amygdalan Arm +5	잃어버린 아미그달라종의 팔 +5
Lost Amygdalan Arm +6	잃어버린 아미그달라종의 팔 +6
Lost Amygdalan Arm +7	잃어버린 아미그달라종의 팔 +7
Lost Amygdalan Arm +8	잃어버린 아미그달라종의 팔 +8
Lost Amygdalan Arm +9	잃어버린 아미그달라종의 팔 +9
Lost Amygdalan Arm +10	잃어버린 아미그달라종의 팔 +10
Holy Moonlight Sword	신성 월광검
Holy Moonlight Sword +1	신성 월광검 +1
Holy Moonlight Sword +2	신성 월광검 +2
Holy Moonlight Sword +3	신성 월광검 +3
Holy Moonlight Sword +4	신성 월광검 +4
Holy Moonlight Sword +5	신성 월광검 +5
Holy Moonlight Sword +6	신성 월광검 +6
Holy Moonlight Sword +7	신성 월광검 +7
Holy Moonlight Sword +8	신성 월광검 +8
Holy Moonlight Sword +9	신성 월광검 +9
Holy Moonlight Sword +10	신성 월광검 +10
Uncanny Holy Moonlight Sword	이질적인 신성 월광검
Uncanny Holy Moonlight Sword +1	이질적인 신성 월광검 +1
Uncanny Holy Moonlight Sword +2	이질적인 신성 월광검 +2
Uncanny Holy Moonlight Sword +3	이질적인 신성 월광검 +3
Uncanny Holy Moonlight Sword +4	이질적인 신성 월광검 +4
Uncanny Holy Moonlight Sword +5	이질적인 신성 월광검 +5
Uncanny Holy Moonlight Sword +6	이질적인 신성 월광검 +6
Uncanny Holy Moonlight Sword +7	이질적인 신성 월광검 +7
Uncanny Holy Moonlight Sword +8	이질적인 신성 월광검 +8
Uncanny Holy Moonlight Sword +9	이질적인 신성 월광검 +9
Uncanny Holy Moonlight Sword +10	이질적인 신성 월광검 +10
Lost Holy Moonlight Sword	잃어버린 신성 월광검
Lost Holy Moonlight Sword +1	잃어버린 신성 월광검 +1
Lost Holy Moonlight Sword +2	잃어버린 신성 월광검 +2
Lost Holy Moonlight Sword +3	잃어버린 신성 월광검 +3
Lost Holy Moonlight Sword +4	잃어버린 신성 월광검 +4
Lost Holy Moonlight Sword +5	잃어버린 신성 월광검 +5
Lost Holy Moonlight Sword +6	잃어버린 신성 월광검 +6
Lost Holy Moonlight Sword +7	잃어버린 신성 월광검 +7
Lost Holy Moonlight Sword +8	잃어버린 신성 월광검 +8
Lost Holy Moonlight Sword +9	잃어버린 신성 월광검 +9
Lost Holy Moonlight Sword +10	잃어버린 신성 월광검 +10
Rakuyo	라쿠요
Rakuyo +1	라쿠요 +1
Rakuyo +2	라쿠요 +2
Rakuyo +3	라쿠요 +3
Rakuyo +4	라쿠요 +4
Rakuyo +5	라쿠요 +5
Rakuyo +6	라쿠요 +6
Rakuyo +7	라쿠요 +7
Rakuyo +8	라쿠요 +8
Rakuyo +9	라쿠요 +9
Rakuyo +10	라쿠요 +10
Uncanny Rakuyo	이질적인 라쿠요
Uncanny Rakuyo +1	이질적인 라쿠요 +1
Uncanny Rakuyo +2	이질적인 라쿠요 +2
Uncanny Rakuyo +3	이질적인 라쿠요 +3
Uncanny Rakuyo +4	이질적인 라쿠요 +4
Uncanny Rakuyo +5	이질적인 라쿠요 +5
Uncanny Rakuyo +6	이질적인 라쿠요 +6
Uncanny Rakuyo +7	이질적인 라쿠요 +7
Uncanny Rakuyo +8	이질적인 라쿠요 +8
Uncanny Rakuyo +9	이질적인 라쿠요 +9
Uncanny Rakuyo +10	이질적인 라쿠요 +10
Lost Rakuyo	잃어버린 라쿠요
Lost Rakuyo +1	잃어버린 라쿠요 +1
Lost Rakuyo +2	잃어버린 라쿠요 +2
Lost Rakuyo +3	잃어버린 라쿠요 +3
Lost Rakuyo +4	잃어버린 라쿠요 +4
Lost Rakuyo +5	잃어버린 라쿠요 +5
Lost Rakuyo +6	잃어버린 라쿠요 +6
Lost Rakuyo +7	잃어버린 라쿠요 +7
Lost Rakuyo +8	잃어버린 라쿠요 +8
Lost Rakuyo +9	잃어버린 라쿠요 +9
Lost Rakuyo +10	잃어버린 라쿠요 +10
Boom Hammer	폭발 망치
Boom Hammer +1	폭발 망치 +1
Boom Hammer +2	폭발 망치 +2
Boom Hammer +3	폭발 망치 +3
Boom Hammer +4	폭발 망치 +4
Boom Hammer +5	폭발 망치 +5
Boom Hammer +6	폭발 망치 +6
Boom Hammer +7	폭발 망치 +7
Boom Hammer +8	폭발 망치 +8
Boom Hammer +9	폭발 망치 +9
Boom Hammer +10	폭발 망치 +10
Uncanny Boom Hammer	이질적인 폭발 망치
Uncanny Boom Hammer +1	이질적인 폭발 망치 +1
Uncanny Boom Hammer +2	이질적인 폭발 망치 +2
Uncanny Boom Hammer +3	이질적인 폭발 망치 +3
Uncanny Boom Hammer +4	이질적인 폭발 망치 +4
Uncanny Boom Hammer +5	이질적인 폭발 망치 +5
Uncanny Boom Hammer +6	이질적인 폭발 망치 +6
Uncanny Boom Hammer +7	이질적인 폭발 망치 +7
Uncanny Boom Hammer +8	이질적인 폭발 망치 +8
Uncanny Boom Hammer +9	이질적인 폭발 망치 +9
Uncanny Boom Hammer +10	이질적인 폭발 망치 +10
Lost Boom Hammer	잃어버린 폭발 망치
Lost Boom Hammer +1	잃어버린 폭발 망치 +1
Lost Boom Hammer +2	잃어버린 폭발 망치 +2
Lost Boom Hammer +3	잃어버린 폭발 망치 +3
Lost Boom Hammer +4	잃어버린 폭발 망치 +4
Lost Boom Hammer +5	잃어버린 폭발 망치 +5
Lost Boom Hammer +6	잃어버린 폭발 망치 +6
Lost Boom Hammer +7	잃어버린 폭발 망치 +7
Lost Boom Hammer +8	잃어버린 폭발 망치 +8
Lost Boom Hammer +9	잃어버린 폭발 망치 +9
Lost Boom Hammer +10	잃어버린 폭발 망치 +10
Bloodletter	출혈검
Bloodletter +1	출혈검 +1
Bloodletter +2	출혈검 +2
Bloodletter +3	출혈검 +3
Bloodletter +4	출혈검 +4
Bloodletter +5	출혈검 +5
Bloodletter +6	출혈검 +6
Bloodletter +7	출혈검 +7
Bloodletter +8	출혈검 +8
Bloodletter +9	출혈검 +9
Bloodletter +10	출혈검 +10
Uncanny Bloodletter	이질적인 출혈검
Uncanny Bloodletter +1	이질적인 출혈검 +1
Uncanny Bloodletter +2	이질적인 출혈검 +2
Uncanny Bloodletter +3	이질적인 출혈검 +3
Uncanny Bloodletter +4	이질적인 출혈검 +4
Uncanny Bloodletter +5	이질적인 출혈검 +5
Uncanny Bloodletter +6	이질적인 출혈검 +6
Uncanny Bloodletter +7	이질적인 출혈검 +7
Uncanny Bloodletter +8	이질적인 출혈검 +8
Uncanny Bloodletter +9	이질적인 출혈검 +9
Uncanny Bloodletter +10	이질적인 출혈검 +10
Lost Bloodletter	잃어버린 출혈검
Lost Bloodletter +1	잃어버린 출혈검 +1
Lost Bloodletter +2	잃어버린 출혈검 +2
Lost Bloodletter +3	잃어버린 출혈검 +3
Lost Bloodletter +4	잃어버린 출혈검 +4
Lost Bloodletter +5	잃어버린 출혈검 +5
Lost Bloodletter +6	잃어버린 출혈검 +6
Lost Bloodletter +7	잃어버린 출혈검 +7
Lost Bloodletter +8	잃어버린 출혈검 +8
Lost Bloodletter +9	잃어버린 출혈검 +9
Lost Bloodletter +10	잃어버린 출혈검 +10
Church Pick	교단 피크
Church Pick +1	교단 피크 +1
Church Pick +2	교단 피크 +2
Church Pick +3	교단 피크 +3
Church Pick +4	교단 피크 +4
Church Pick +5	교단 피크 +5
Church Pick +6	교단 피크 +6
Church Pick +7	교단 피크 +7
Church Pick +8	교단 피크 +8
Church Pick +9	교단 피크 +9
Church Pick +10	교단 피크 +10
Uncanny Church Pick	이질적인 교단 피크
Uncanny Church Pick +1	이질적인 교단 피크 +1
Uncanny Church Pick +2	이질적인 교단 피크 +2
Uncanny Church Pick +3	이질적인 교단 피크 +3
Uncanny Church Pick +4	이질적인 교단 피크 +4
Uncanny Church Pick +5	이질적인 교단 피크 +5
Uncanny Church Pick +6	이질적인 교단 피크 +6
Uncanny Church Pick +7	이질적인 교단 피크 +7
Uncanny Church Pick +8	이질적인 교단 피크 +8
Uncanny Church Pick +9	이질적인 교단 피크 +9
Uncanny Church Pick +10	이질적인 교단 피크 +10
Lost Church Pick	잃어버린 교단 피크
Lost Church Pick +1	잃어버린 교단 피크 +1
Lost Church Pick +2	잃어버린 교단 피크 +2
Lost Church Pick +3	잃어버린 교단 피크 +3
Lost Church Pick +4	잃어버린 교단 피크 +4
Lost Church Pick +5	잃어버린 교단 피크 +5
Lost Church Pick +6	잃어버린 교단 피크 +6
Lost Church Pick +7	잃어버린 교단 피크 +7
Lost Church Pick +8	잃어버린 교단 피크 +8
Lost Church Pick +9	잃어버린 교단 피크 +9
Lost Church Pick +10	잃어버린 교단 피크 +10
Whirligig Saw	무한궤도 톱
Whirligig Saw +1	무한궤도 톱 +1
Whirligig Saw +2	무한궤도 톱 +2
Whirligig Saw +3	무한궤도 톱 +3
Whirligig Saw +4	무한궤도 톱 +4
Whirligig Saw +5	무한궤도 톱 +5
Whirligig Saw +6	무한궤도 톱 +6
Whirligig Saw +7	무한궤도 톱 +7
Whirligig Saw +8	무한궤도 톱 +8
Whirligig Saw +9	무한궤도 톱 +9
Whirligig Saw +10	무한궤도 톱 +10
Uncanny Whirligig Saw	이질적인 무한궤도 톱
Uncanny Whirligig Saw +1	이질적인 무한궤도 톱 +1
Uncanny Whirligig Saw +2	이질적인 무한궤도 톱 +2
Uncanny Whirligig Saw +3	이질적인 무한궤도 톱 +3
Uncanny Whirligig Saw +4	이질적인 무한궤도 톱 +4
Uncanny Whirligig Saw +5	이질적인 무한궤도 톱 +5
Uncanny Whirligig Saw +6	이질적인 무한궤도 톱 +6
Uncanny Whirligig Saw +7	이질적인 무한궤도 톱 +7
Uncanny Whirligig Saw +8	이질적인 무한궤도 톱 +8
Uncanny Whirligig Saw +9	이질적인 무한궤도 톱 +9
Uncanny Whirligig Saw +10	이질적인 무한궤도 톱 +10
Lost Whirligig Saw	잃어버린 무한궤도 톱
Lost Whirligig Saw +1	잃어버린 무한궤도 톱 +1
Lost Whirligig Saw +2	잃어버린 무한궤도 톱 +2
Lost Whirligig Saw +3	잃어버린 무한궤도 톱 +3
Lost Whirligig Saw +4	잃어버린 무한궤도 톱 +4
Lost Whirligig Saw +5	잃어버린 무한궤도 톱 +5
Lost Whirligig Saw +6	잃어버린 무한궤도 톱 +6
Lost Whirligig Saw +7	잃어버린 무한궤도 톱 +7
Lost Whirligig Saw +8	잃어버린 무한궤도 톱 +8
Lost Whirligig Saw +9	잃어버린 무한궤도 톱 +9
Lost Whirligig Saw +10	잃어버린 무한궤도 톱 +10
Simon's Bowblade	시몬의 궁검
Simon's Bowblade +1	시몬의 궁검 +1
Simon's Bowblade +2	시몬의 궁검 +2
Simon's Bowblade +3	시몬의 궁검 +3
Simon's Bowblade +4	시몬의 궁검 +4
Simon's Bowblade +5	시몬의 궁검 +5
Simon's Bowblade +6	시몬의 궁검 +6
Simon's Bowblade +7	시몬의 궁검 +7
Simon's Bowblade +8	시몬의 궁검 +8
Simon's Bowblade +9	시몬의 궁검 +9
Simon's Bowblade +10	시몬의 궁검 +10
Uncanny Bowblade	이질적인 궁검
Uncanny Bowblade +1	이질적인 궁검 +1
Uncanny Bowblade +2	이질적인 궁검 +2
Uncanny Bowblade +3	이질적인 궁검 +3
Uncanny Bowblade +4	이질적인 궁검 +4
Uncanny Bowblade +5	이질적인 궁검 +5
Uncanny Bowblade +6	이질적인 궁검 +6
Uncanny Bowblade +7	이질적인 궁검 +7
Uncanny Bowblade +8	이질적인 궁검 +8
Uncanny Bowblade +9	이질적인 궁검 +9
Uncanny Bowblade +10	이질적인 궁검 +10
Lost Bowblade	잃어버린 궁검
Lost Bowblade +1	잃어버린 궁검 +1
Lost Bowblade +2	잃어버린 궁검 +2
Lost Bowblade +3	잃어버린 궁검 +3
Lost Bowblade +4	잃어버린 궁검 +4
Lost Bowblade +5	잃어버린 궁검 +5
Lost Bowblade +6	잃어버린 궁검 +6
Lost Bowblade +7	잃어버린 궁검 +7
Lost Bowblade +8	잃어버린 궁검 +8
Lost Bowblade +9	잃어버린 궁검 +9
Lost Bowblade +10	잃어버린 궁검 +10
Gatling Gun	개틀링 기관총
Gatling Gun +1	개틀링 기관총 +1
Gatling Gun +2	개틀링 기관총 +2
Gatling Gun +3	개틀링 기관총 +3
Gatling Gun +4	개틀링 기관총 +4
Gatling Gun +5	개틀링 기관총 +5
Gatling Gun +6	개틀링 기관총 +6
Gatling Gun +7	개틀링 기관총 +7
Gatling Gun +8	개틀링 기관총 +8
Gatling Gun +9	개틀링 기관총 +9
Gatling Gun +10	개틀링 기관총 +10
Fist of Gratia	그라티아의 주먹
Fist of Gratia +1	그라티아의 주먹 +1
Fist of Gratia +2	그라티아의 주먹 +2
Fist of Gratia +3	그라티아의 주먹 +3
Fist of Gratia +4	그라티아의 주먹 +4
Fist of Gratia +5	그라티아의 주먹 +5
Fist of Gratia +6	그라티아의 주먹 +6
Fist of Gratia +7	그라티아의 주먹 +7
Fist of Gratia +8	그라티아의 주먹 +8
Fist of Gratia +9	그라티아의 주먹 +9
Fist of Gratia +10	그라티아의 주먹 +10
Church Cannon	교단 대포
Church Cannon +1	교단 대포 +1
Church Cannon +2	교단 대포 +2
Church Cannon +3	교단 대포 +3
Church Cannon +4	교단 대포 +4
Church Cannon +5	교단 대포 +5
Church Cannon +6	교단 대포 +6
Church Cannon +7	교단 대포 +7
Church Cannon +8	교단 대포 +8
Church Cannon +9	교단 대포 +9
Church Cannon +10	교단 대포 +10
Piercing Rifle	철갑 소총
Piercing Rifle +1	철갑 소총 +1
Piercing Rifle +2	철갑 소총 +2
Piercing Rifle +3	철갑 소총 +3
Piercing Rifle +4	철갑 소총 +4
Piercing Rifle +5	철갑 소총 +5
Piercing Rifle +6	철갑 소총 +6
Piercing Rifle +7	철갑 소총 +7
Piercing Rifle +8	철갑 소총 +8
Piercing Rifle +9	철갑 소총 +9
Piercing Rifle +10	철갑 소총 +10
Kos Parasite	코스 기생충
Kos Parasite +1	코스 기생충 +1
Kos Parasite +2	코스 기생충 +2
Kos Parasite +3	코스 기생충 +3
Kos Parasite +4	코스 기생충 +4
Kos Parasite +5	코스 기생충 +5
Kos Parasite +6	코스 기생충 +6
Kos Parasite +7	코스 기생충 +7
Kos Parasite +8	코스 기생충 +8
Kos Parasite +9	코스 기생충 +9
Kos Parasite +10	코스 기생충 +10
Uncanny Parasite	이질적인 기생충
Uncanny Parasite +1	이질적인 기생충 +1
Uncanny Parasite +2	이질적인 기생충 +2
Uncanny Parasite +3	이질적인 기생충 +3
Uncanny Parasite +4	이질적인 기생충 +4
Uncanny Parasite +5	이질적인 기생충 +5
Uncanny Parasite +6	이질적인 기생충 +6
Uncanny Parasite +7	이질적인 기생충 +7
Uncanny Parasite +8	이질적인 기생충 +8
Uncanny Parasite +9	이질적인 기생충 +9
Uncanny Parasite +10	이질적인 기생충 +10
Lost Parasite	잃어버린 기생충
Lost Parasite +1	잃어버린 기생충 +1
Lost Parasite +2	잃어버린 기생충 +2
Lost Parasite +3	잃어버린 기생충 +3
Lost Parasite +4	잃어버린 기생충 +4
Lost Parasite +5	잃어버린 기생충 +5
Lost Parasite +6	잃어버린 기생충 +6
Lost Parasite +7	잃어버린 기생충 +7
Lost Parasite +8	잃어버린 기생충 +8
Lost Parasite +9	잃어버린 기생충 +9
Lost Parasite +10	잃어버린 기생충 +10
Gray Wolf Cap	잿빛늑대의 모자
Charred Hunter Garb	그을린 사냥복
Charred Hunter Gloves	그을린 사냥 장갑
Charred Hunter Trousers	그을린 사냥 바지
Black Hooded Iron Helm	검은 후드의 철모
Yahar'gul Black Garb	야하굴의 검은 의복
Yahar'gul Black Gloves	야하굴의 검은 장갑
Yahar'gul Black Trousers	야하굴의 검은 바지
Graveguard Mask	묘지기의 가면
Graveguard Robe	묘지기의 로브
Graveguard Manchettes	묘지기의 소맷부리
Graveguard Kilt	묘지기의 치마
Bone Ash Mask	뼛가루의 가면
Bone Ash Armor	뼛가루의 갑옷
Bone Ash Gauntlets	뼛가루의 건틀릿
Bone Ash Leggings	뼛가루의 각반
Henryk's Hunter Cap	헨릭의 사냥 모자
Henryk's Hunter Garb	헨릭의 사냥복
Henryk's Hunter Gloves	헨릭의 사냥 장갑
Henryk's Hunter Trousers	헨릭의 사냥 바지
Yharnam Hunter Cap	야남의 사냥 모자
Yharnam Hunter Garb	야남의 사냥복
Yharnam Hunter Gloves	야남의 사냥 장갑
Yharnam Hunter Trousers	야남의 사냥 바지
Hunter Hat	사냥꾼의 모자
Hunter Garb	사냥꾼의 의복
Hunter Gloves	사냥꾼의 장갑
Hunter Trousers	사냥꾼의 바지
Knight's Wig	기사의 가발
Knight's Garb	기사의 의복
Knight's Gloves	기사의 장갑
Knight's Trousers/Dress	기사의 바지
en5304	공주의 드레스(머리)
en5305	공주의 드레스(몸통)
Cainhurst Helmet	카인의 투구
Cainhurst Armor	카인의 갑옷
Cainhurst Gauntlets	카인의 건틀릿
Cainhurst Leggings	카인의 각반
Black Church Hat	교단의 검은 모자
Black Church Garb	교단의 검은 상의
Surgical Long Gloves	의료인의 긴 장갑
Black Church Trousers/Dress	교단의 검은 하의
Blindfold Cap	눈가리개 모자
Choir Garb	성가대의 의복
Choir Gloves	성가대의 장갑
Choir Trousers	성가대의 바지
Gascoigne's Cap	신부의 사냥 모자
Gascoigne's Garb	신부의 사냥복
Gascoigne's Gloves	신부의 사냥 장갑
Gascoigne's Trousers	신부의 사냥 바지
Tomb Prospector Hood	도굴꾼의 후드
Tomb Prospector Garb	도굴꾼의 의복
Tomb Prospector Gloves	도굴꾼의 장갑
Tomb Prospector Trousers	도굴꾼의 바지
Gold Ardeo	골드 아르데오
Executioner Garb	처형단의 의복
Executioner Gauntlets	처형단의 건틀릿
Executioner Trousers	처형단의 바지
NOT NEEDED	사형 집행인 오토(머리)
Beak Mask	부리 가면
Crowfeather Garb	까마귀 깃털의 사냥복
Crowfeather Manchettes	까마귀 깃털의 소맷부리
Crowfeather Trousers	까마귀 깃털의 바지
Mensis Cage	멘시스의 우리
Student Uniform	학생의 정복
Student Trousers	학생의 바지
Gehrman's Hunter Cap	게르만의 사냥 모자
Gehrman's Hunter Garb	게르만의 사냥복
Gehrman's Hunter Trousers	게르만의 사냥 바지
Madman Hood	광인의 후드
Madman Garb	광인의 의복
Madman Manchettes	광인의 소맷부리
Madman Leggings	광인의 바지
Doll Hat	인형의 모자
Doll Clothes	인형의 의복
Doll Gloves	인형의 장갑
Doll Skirt	인형의 치마
Black Hood	검은 후드
Foreign Garb	이방의 의복
Sullied Bandage	더러운 붕대
Foreign Trousers	이방의 바지
Ashen Hunter Garb	잿빛의 사냥복
Ashen Hunter Gloves	잿빛의 사냥 장갑
Ashen Hunter Trousers	잿빛의 사냥 바지
Crown of Illusions	환시의 왕관
Master's Iron Helm	주인의 철제 투구
Iron Yahar'gul Helm	야하굴의 철모
Top Hat	신사 모자
White Church Hat	교단의 흰 후드
White Church Garb	교단의 흰 상의
White Church Trousers/Dress	교단의 흰 하의
Noble Dress	귀족의 드레스
Arianna's Shoes	아리안나의 신발
Rumpled Yharnam Hat	구겨진 야남 모자
Sweaty Clothes	축축한 의복
Butcher Mask	도살자의 복면
Butcher Garb	도살자의 의상
Butcher Gloves	도살자의 장갑
Butcher Trousers	도살자의 바지
Harrowed Hood	은둔자의 후드
Harrowed Garb	은둔자의 의복
Harrowed Gloves	은둔자의 장갑
Harrowed Trousers	은둔자의 바지
Old Hunter Cap	고대 사냥꾼의 모자
Old Hunter Garb	고대 사냥꾼의 의복
Old Hunter Gloves	고대 사냥꾼의 장갑
Old Hunter Trousers	고대 사냥꾼의 바지
Old Hunter Top Hat	고대 사냥꾼의 신사 모자
Decorative Old Hunter Garb	장식된 고대 사냥꾼의 의복
Decorative Old Hunter Trousers	장식된 고대 사냥꾼의 바지
Maria Hunter Cap	마리아의 사냥꾼 모자
Maria Hunter Garb	마리아의 사냥복
Maria Hunter Gloves	마리아의 사냥 장갑
Maria Hunter Trousers	마리아의 사냥 바지
One-eyed Iron Helm	외눈 철제 투구
Constable's Garb	보안관의 의복
Constable's Gloves	보안관의 장갑
Constable's Trousers	보안관의 바지
Brador's Testimony	브라도르의 간증
Beast Hide Garb	야수 가죽 의복
Bloodied Arm Bands	피에 물든 팔 보호구
Bloodied Trousers	피에 물든 바지
Yamamura Hunter Hat	야마무라의 사냥꾼 모자
Khaki Haori	카키 하오리
Old Hunter Arm Bands	고대 사냥꾼의 팔 보호구
Wine Hakama	자주빛 하카마
Enlarged Head	비대해진 머리
Hunter Bullet	짐승용 총탄
Beast-shot	짐승용 산탄
Madman's Escort	미치광이의 협력자
Forgotten Madman	잊혀진 미치광이
Old Hunter Henryk	고대 사냥꾼 헨릭
Valtr, Master of the League	리그의 주인 발트르
Valtr, Beast Eater	야수 포식자 발트르
Yamamura the Wanderer	방랑자 야마무라
Younger Madaras Twin	마다라스 쌍둥이의 동생
Mensis Scholar Damian	멘시스 학자 데미안
Henriett	헨리에트
Defector Antal	배반자 앤탈
Tomb Prospector Olek	무덤 탐사자 올렉
Tomb Prospector Gremia	무덤 탐사자 그레미아 경
Beastclaw Jozef	야수발톱 요제프
Queen Killer	여왕 살해자
Vitus	비투스
Madman Wallar	광인 발라르
Degenerate Beast	타락자 야수
Brainsucker	브레인서커
Maneater Boar	식인돼지
Blood-starved Beast	피에 굶주린 야수
The Witch of Hemwick	헴윅의 마녀
Shadow of Yharnam	야남의 그림자
Keeper of the Old Lords	옛 주군의 파수꾼
Loran Silverbeast	로랑의 은빛 야수
Martyr Logarius	순교자 로가리우스
Ebrietas, Daughter of the Cosmos	우주의 딸 이브리에타스
Celestial Emissary	천계의 사자
Father Gascoigne	개스코인 신부
Merciless Watcher	무정한 묘지기
Watcher Chieftain	묘지기장
Pthumerian Descendant	투메르의 후예
Pthumerian Elder	투메르의 장로
Pthumerian Bride	투메르의 새색시
Yharnam, Pthumerian Queen	투메르의 여왕 야남
Undead Giant	불사의 거인
Living Failures	살아있는 실패작들
Laurence, the First Vicar	초대 교구장 로렌스
Ludwig the Accursed	저주받은 루드비히
Ludwig, the Holy Blade	성검 루드비히
Lady Maria of the Astral Clocktower	시계탑의 레이디 마리아
Orphan of Kos	코스의 버려진 자식
Cleric Beast	성직자 야수
Watchdog of the Old Lords	옛 주군의 감시견
Vicar Amelia	교구장 아멜리아
Loran Darkbeast	로랑의 검은 야수
Abhorrent Beast	무서운 야수
The One Reborn	다시 태어난 자
Darkbeast Paarl	검은 야수 파알
Bloodletting Beast	야수 피의 주인
Rom, the Vacuous Spider	우둔한 거미 롬
Great One Beast	위대한 자 야수
Amygdala	아미그달라
Moon Presence	달의 존재
Mergo's Wet Nurse	메르고의 유모
Beast-possessed Soul	야수에 홀린 영혼
Slug Princess	민달팽이 왕녀
Heroine Doll	히로인 인형
Gehrman, the First Hunter	최초의 사냥꾼, 게르만
Micolash, Host of the Nightmare	미콜라시, 악몽의 주역
Vileblood Hunter Alfred	혈족 사냥꾼 알프레드
The Vileblood	타락한 혈족
The Executioners	처형단
Hunter of Hunters	사냥꾼을 사냥하는 자
Nameless Tomb Prospector	이름 없는 무덤의 도굴꾼
Izzy's Admirer	이지의 후계자
Nameless Madman	이름 없는 미치광이
Bone Ash Hunter Carla	뼛가루의 사냥꾼, 칼라
Drifting Vileblood Leo	방황하는 피의 사냥꾼, 레오
Ardeo Man	아르데오의 남자
Defeated Hunter	절망적인 사냥꾼
Choir Intelligencer Edgar	성가의 내통자, 에드가
Hunter's Dream	사냥꾼의 꿈
Abandoned Old Workshop 	버려진 구공방
Hemwick Charnel Lane	헴윅의 무덤 거리
Old Yharnam	구시가지
Cathedral Ward	성당 구역
Central Yharnam	야남 거리
Iosefka's Clinic	이오셰프카의 진료소
Upper Cathedral Ward	성당 구역 상층
Healing Church Workshop 	치유 교단의 공방
Altar of Despair 	통곡의 제단
Forsaken Cainhurst Castle	폐성 카인허스트
Nightmare of Mensis	멘시스의 악몽
Forbidden Woods	금단의 숲
Yahar'gul, Unseen Village	숨은 거리 야하굴
Byrgenwerth	비르겐워스
Lecture Building	교실동
Moonside Lake	달빛 호수
Nightmare Frontier	악몽의 기슭
Hunter's Nightmare	사냥꾼의 악몽
Research Hall	연구동
Fishing Hamlet	어촌
 Layer 1	 1층
 Layer 2	 2층
 Layer 3	 3층
 Layer 4	 4층
Gremia Tomb: Depth 1 	그레미아 묘지: 깊이1
Pthumerian Labyrinth 	투메르 유적
Pthumerian Labyrinth (Fixed)	투메르 유적 (고정)
Fetid Pthumerian Labyrinth 	악취 나는 투메르 유적
Central Pthumerian Labyrinth 	중앙 투메르 유적
Central Pthumerian Labyrinth (Fixed)	중앙 투메르 유적 (고정)
Fetid Central Pthumerian Labyrinth 	악취 나는 중앙 투메르 유적
Hintertomb 	궁색한 무덤
Hintertomb (Fixed)	그릇된 무덤 (고정)
Fetid Hintertomb 	악취 나는 궁색한 무덤
Lower Pthumerian Labyrinth 	깊은 투메르 유적
Lower Pthumerian Labyrinth (Fixed)	깊은 투메르 유적 (고정)
Fetid Lower Pthumerian Labyrinth 	악취 나는 깊은 투메르 유적 하단
Rotted Lower Pthumerian Labyrinth 	썩고 깊은 투메르 유적
Sinister Lower Pthumerian Labyrinth 	불길한 깊은 투메르 유적 하단
Lower Hintertomb 	깊은 궁색한 무덤
Lower Hintertomb (Fixed)	깊은 그릇된 무덤 (고정)
Fetid Lower Hintertomb 	악취 나는 깊은 그릇된 무덤
Rotted Lower Hintertomb 	썩고 깊은 궁색한 무덤
Sinister Lower Hintertomb 	불길한 깊은 그릇된 무덤
Ailing Loran: Depth 3 	병든 로랑: 깊이3
Shadow Loran: Depth 3 	그늘진 로랑: 깊이 3
Sinister Loran: Depth 3 	불길한 로랑: 깊이 3
Pthumerian Defilement 	투메르의 모독
Fetid Pthumerian Defilement 	악취 나는 투메르 오염지
Rotted Pthumerian Defilement 	썩은 투메르 모독
Sinister Pthumerian Labyrinth: Depth 4 	불길한 투메르 유적: 깊이 4
Cursed Pthumerian Defilement 	저주받은 투메르 오염지
Pthumerian Defilement (Fixed)	투메르 모독 (고정)
Hintertomb: Depth 4 	궁색한 무덤: 깊이4
Shadow Hintertomb: Depth 4 	음지의 그릇된 무덤: 깊이4
Sinister Hintertomb: Depth 4 	불길한 그릇된 무덤: 깊이4
Ailing Loran 	병든 로랑
Ailing Loran (Fixed)	병든 로랑 (고정)
Fetid Ailing Loran 	악취 나는 병든 로랑
Rotted Ailing Loran 	썩은 병든 로랑
Sinister Loran: Depth 4 	불길한 로랑: 깊이 4
Isz Gravestone: Depth 4 	이즈의 묘비: 깊이4
Shadow Isz Gravestone: Depth 4 	그늘진 이즈의 묘비: 깊이 4
Sinister Isz Gravestone: Depth 4 	불길한 이즈의 묘비: 깊이 4
Pthumeru Ihyll 	투메르 일
Pthumeru Ihyll (Fixed)	투메르 일 (고정)
Fetid Pthumeru Ihyll 	악취 나는 투메르 일
Rotted Pthumeru Ihyll 	썩은 투메르 일
Sinister Pthumeru Ihyll 	불길한 투메르 일
Cursed Pthumeru Ihyll 	저주받은 투메르 일
Hintertomb: Depth 5 	궁색한 무덤: 깊이5
Shadow Hintertomb: Depth 5 	음지의 그릇된 무덤: 깊이5
Sinister Hintertomb: Depth 5 	불길한 그릇된 무덤: 깊이5
Cursed Hintertomb: Depth 5 	저주받은 그릇된 무덤: 깊이5
Lower Loran 	깊은 로랑
Lower Loran (Fixed)	깊은 로랑 (고정)
Fetid Lower Loran 	악취 나는 깊은 로랑
Rotted Lower Loran 	썩고 깊은 로랑
Sinister Lower Loran 	불길한 깊은 로랑
Cursed Lower Loran 	저주받은 깊은 로랑
Isz Gravestone 	이즈의 묘비
Isz Gravestone (Fixed)	이즈의 묘비 (고정)
Fetid Isz Gravestone 	악취 나는 이즈의 묘비
Rotted Isz Gravestone 	썩은 이즈의 묘비
Sinister Isz Gravestone 	불길한 이즈의 묘비
Cursed Isz Gravestone 	저주받은 이즈의 묘비
Expend Insight and seek the assistance of a hunter from another world?	계몽을 소비하여 다른 세계의 사냥꾼에게 협력을 청하시겠습니까?
Assist hunter from another world?	다른 세계의 사냥꾼과 협력하시겠습니까?
Become the adversary of a hunter in another world?	다른 세계의 사냥꾼의 적이 되시겠습니까?
Silence the Beckoning Bell	"사냥꾼의 종"의 소리를 깬다
Silence the Small Resonant Bell	"공명하는 작은 종"의 소리를 깬다
Silence the Sinister Resonant Bell	"공명하는 불길한 종"의 소리를 깬다
Rescind your request for assistance?	협력 요청을 그만 두시겠습니까?
Rescind your offer of assistance?	협력을 그만 두시겠습니까?
Rescind your threat of hostility?	적대를 그만 두시겠습니까?
Return to your own world	공명을 깨고 원래 세계로 돌아간다
Send player back to their own world	공명을 깨고 원래 세계로 돌려보냈다
Withdraw and return to own world?	협력 플레이를 종료하고 원래 세계로 돌아갑니까?
Searching for the chime of a Small Resonant Bell...	"공명하는 작은 종"의 소리를 찾고 있습니다…
The bell-ringing woman rings a sinister bell.	"종을 울리는 여자"가 불길한 종을 울립니다.
Searching for the chime of a Small Resonant Bell with matching password.	일치하는 암호로 "공명하는 작은 종"의 소리를 찾고 있습니다.
Ringing Old Hunter Bell...	고대 사냥꾼의 종이 울립니다…
Searching for the chime of a Beckoning Bell...	"사냥꾼의 종"의 소리를 찾고 있습니다
Searching for the chime of a Beckoning Bell with matching password.	일치하는 암호로 "사냥꾼의 종"의 소리를 찾고 있습니다.
Searching for the chime of a Sinister Bell...	불길한 종의 소리를 찾고 있습니다
Could not discover the chime of a Small Resonant Bell. No insight was consumed.	"공명하는 작은 종"의 소리를 발견하지 못했습니다. 계몽이 소비되지 않았습니다.
Discovered the chime of a Small Resonant Bell.	"공명하는 작은 종"의 소리를 찾았습니다
Sinister Bell resonates with another...	불길한 종의 소리가, 서로 공명합니다
Old Hunter Bell resonates with another.	고대 사냥꾼의 종이 공명합니다.
Discovered the chime of a Beckoning Bell.	"사냥꾼의 종"의 소리를 찾았습니다
Discovered the chime of a Sinister Bell.	불길한 종의 소리를 찾았습니다
The bell's resonance has beckoned <?joinName?>.	종의 공명으로 <?joinName?>(이)가 도착했습니다
Adversary <?joinName?> has arrived.	적대자 <?joinName?>(이)가 도착했습니다
<?joinName?> has arrived by the bell's resonance	종의 공명에 의해 <?joinName?> 님이 도착했습니다.
Confederate <?joinName?> has arrived by the bell's resonance.	종의 공명으로 맹약자 <?joinName?>(이)가 도착했습니다
Old Hunter <?joinName?> has arrived by the bell's resonance.	종의 공명에 의해 고대 사냥꾼 <?joinName?>(이)가 도착했습니다.
Entered the world of <?hostName?>, who beckoned you here.	부르는 자 <?hostName?>의 세계에 들어왔습니다
Entered the world of <?hostName?>.	부르는 자 <?hostName?>의 세계에 들어왔습니다
You are now in the world of the beckoner, Executioner <?hostName?>	부르는 자, 처형단 <?hostName?> 님의 세계에 도착했습니다.
You are now in the world of the beckoner, Vileblood <?hostName?>	부르는 자, 타락한 혈족 <?hostName?> 님의 세계에 도착했습니다.
You are now in the world of the beckoner, the blood-addled hunter <?hostName?>.	부르는 자, 피에 취한 사냥꾼 <?hostName?> 님의 세계에 도착했습니다.
You are now in the world of the beckoner, <?hostName?>.	부르는 자 <?hostName?>의 세계에 들어왔습니다
Cooperator <?deadName?> has died.	협력자 <?deadName?>(이)가 사망했습니다
Adversary <?deadName?> has died.	적대자 <?deadName?>(이)가 사망했습니다
Vileblood <?deadName?> has died.	타락한 혈족 <?deadName?> 님이 죽었습니다.
Executioner <?deadName?> has died.	처형단 <?deadName?> 님이 죽었습니다.
Hunter of Hunters, <?deadName?>, has died.	사냥꾼을 사냥하는 자, <?deadName?> 님이 죽었습니다.
Confederate <?deadName?> has died.	맹약자 <?deadName?>(이)가 사망했습니다.
Old Hunter <?deadName?> has died.	고대 사냥꾼 <?deadName?> (이)가 사망했습니다.
You died. Returning to your world.	사망했습니다. 원래 세계로 돌아갑니다
Your beckoner has died. Returning to own world.	부르는 자가 사망했습니다. 원래 세계로 돌아갑니다
You died. Returning to your world.	사망했습니다. 원래 세계로 돌아갑니다
Beckoner has challenged <?npcNameId@500000?>.	부르는 자가 <?npcNameId@500000?>(와)과 전투를 시작했습니다
The beckoner has begun the final battle.	부르는 자가 마지막 전투를 시작했습니다.
Battle with <?npcNameId@1000?> has commenced. Returning to your world.	<?npcNameId@1000?>(와)과의 전투가 시작되었습니다 원래 세계로 돌아갑니다
The beckoner has begun the final battle. Returning to own world.	부르는 자가 마지막 전투를 시작했습니다. 원래의 세계로 돌아갑니다.
Battle with <?npcNameId@1000?> has commenced. Returning to your world.	<?npcNameId@1000?>(와)과의 전투가 시작되었습니다. 원래 세계로 돌아갑니다. 
The Executioner has begun the final battle. Returning to own world.	처형단이 마지막 전투를 시작했습니다. 원래의 세계로 돌아갑니다.
The Vileblood has begun the final battle. Returning to own world.	타락한 혈족이 마지막 전투를 시작했습니다. 원래의 세계로 돌아갑니다.
The blood-addled hunter has begun the final battle. Returning to own world.	피에 취한 사냥꾼이 마지막 전투를 시작했습니다. 원래의 세계로 돌아갑니다.
<?npcNameId@1000?> was defeated, ending the hunt. Now, say farewell.	<?npcNameId@1000?>(은)는 쓰러지고 사냥은 끝났다. 헤어질 시간이다.
The final battle has ended. It is time to bid farewell.	마지막 전투가 끝났습니다. 헤어질 시간입니다.
Beckoner <?hostName?> has fallen. It is time to bid farewell.	부르는 자 <?hostName?>(은)는 쓰러졌다. 헤어질 시간이다.
Executioner <?hostName?> has fallen. It is time to bid farewell.	처형단 <?hostName?> 님이 쓰러졌습니다. 작별을 고할 시간입니다.
Vileblood <?hostName?> has fallen. It is time to bid farewell.	타락한 혈족 <?hostName?> 님이 쓰러졌다. 헤어질 시간이다.
Blood-addled hunter <?hostName?> has fallen. It is time to bid farewell.	피에 취한 사냥꾼 <?hostName?> 님이 쓰러졌다. 헤어질 시간이다.
Beckoner	부르는 자
Cooperator	협력자
Old Hunter	고대 사냥꾼
Adversary	적대자
Vileblood	타락한 혈족
Executioner	처형단
Confederate	맹약자
Drawn by the bell's timbre, a bell-ringing woman has appeared somewhere.	종소리에 이끌려, "종을 울리는 여자"가 어딘가에서 나타났습니다.
The bell-ringing woman has left, and the sound of the sinister bell has ceased.	"종을 울리는 여자"가 떠났습니다. 불길한 종의 소리가 멎었습니다.
Battle with <?npcNameId@106000?> has commenced. Returning to your world.	<?npcNameId@106000?>(와)과의 전투가 시작되었습니다. 원래 세계로 돌아갑니다.
Battle with <?npcNameId@127000?> has commenced. Returning to your world.	<?npcNameId@127000?>(와)과의 전투가 시작되었습니다. 원래 세계로 돌아갑니다.
Battle with <?npcNameId@209000?> has commenced. Returning to your world.	<?npcNameId@209000?>(와)과의 전투가 시작되었습니다. 원래 세계로 돌아갑니다.
Battle with <?npcNameId@210000?> has commenced. Returning to your world.	<?npcNameId@210000?>(와)과의 전투가 시작되었습니다. 원래 세계로 돌아갑니다.
Battle with <?npcNameId@212010?> has commenced. Returning to your world.	<?npcNameId@212010?>(와)과의 전투가 시작되었습니다. 원래 세계로 돌아갑니다.
Battle with <?npcNameId@212020?> has commenced. Returning to your world.	<?npcNameId@212020?>(와)과의 전투가 시작되었습니다. 원래 세계로 돌아갑니다.
Battle with <?npcNameId@212030?> has commenced. Returning to your world.	<?npcNameId@212030?>(와)과의 전투가 시작되었습니다. 원래 세계로 돌아갑니다.
Battle with <?npcNameId@216000?> has commenced. Returning to your world.	<?npcNameId@216000?>(와)과의 전투가 시작되었습니다. 원래 세계로 돌아갑니다.
Battle with <?npcNameId@232000?> has commenced. Returning to your world.	<?npcNameId@232000?>(와)과의 전투가 시작되었습니다. 원래 세계로 돌아갑니다.
Battle with <?npcNameId@251000?> has commenced. Returning to your world.	<?npcNameId@251000?>(와)과의 전투가 시작되었습니다. 원래 세계로 돌아갑니다.
Battle with <?npcNameId@257000?> has commenced. Returning to your world.	<?npcNameId@257000?>(와)과의 전투가 시작되었습니다. 원래 세계로 돌아갑니다.
Battle with <?npcNameId@271000?> has commenced. Returning to your world.	<?npcNameId@271000?>(와)과의 전투가 시작되었습니다. 원래 세계로 돌아갑니다.
Battle with <?npcNameId@272000?> has commenced. Returning to your world.	<?npcNameId@304000?>(와)과의 전투가 시작되었습니다. 원래 세계로 돌아갑니다.
Battle with <?npcNameId@305000?> has commenced. Returning to your world.	<?npcNameId@305000?>(와)과의 전투가 시작되었습니다. 원래 세계로 돌아갑니다.
Battle with <?npcNameId@306000?> has commenced. Returning to your world.	<?npcNameId@306000?>(와)과의 전투가 시작되었습니다. 원래 세계로 돌아갑니다.
Battle with <?npcNameId@313000?> has commenced. Returning to your world.	<?npcNameId@313000?>(와)과의 전투가 시작되었습니다. 원래 세계로 돌아갑니다.
Battle with <?npcNameId@500000?> has commenced. Returning to your world.	<?npcNameId@500000?>(와)과의 전투가 시작되었습니다. 원래 세계로 돌아갑니다.
Battle with <?npcNameId@501000?> has commenced. Returning to your world.	<?npcNameId@501000?>(와)과의 전투가 시작되었습니다. 원래 세계로 돌아갑니다.
Battle with <?npcNameId@502000?> has commenced. Returning to your world.	<?npcNameId@502000?>(와)과의 전투가 시작되었습니다. 원래 세계로 돌아갑니다.
Battle with <?npcNameId@503000?> has commenced. Returning to your world.	<?npcNameId@503000?>(와)과의 전투가 시작되었습니다. 원래 세계로 돌아갑니다.
Battle with <?npcNameId@504000?> has commenced. Returning to your world.	<?npcNameId@504000?>(와)과의 전투가 시작되었습니다. 원래 세계로 돌아갑니다.
Battle with <?npcNameId@505000?> has commenced. Returning to your world.	<?npcNameId@505000?>(와)과의 전투가 시작되었습니다. 원래 세계로 돌아갑니다.
Battle with <?npcNameId@506000?> has commenced. Returning to your world.	<?npcNameId@506000?>(와)과의 전투가 시작되었습니다. 원래 세계로 돌아갑니다.
Battle with <?npcNameId@507000?> has commenced. Returning to your world.	<?npcNameId@507000?>(와)과의 전투가 시작되었습니다. 원래 세계로 돌아갑니다.
Battle with <?npcNameId@508000?> has commenced. Returning to your world.	<?npcNameId@508000?>(와)과의 전투가 시작되었습니다. 원래 세계로 돌아갑니다.
Battle with <?npcNameId@509000?> has commenced. Returning to your world.	<?npcNameId@509000?>(와)과의 전투가 시작되었습니다. 원래 세계로 돌아갑니다.
Battle with <?npcNameId@510000?> has commenced. Returning to your world.	<?npcNameId@510000?>(와)과의 전투가 시작되었습니다. 원래 세계로 돌아갑니다.
Battle with <?npcNameId@511000?> has commenced. Returning to your world.	<?npcNameId@511000?>(와)과의 전투가 시작되었습니다. 원래 세계로 돌아갑니다.
Battle with <?npcNameId@512000?> has commenced. Returning to your world.	<?npcNameId@512000?>(와)과의 전투가 시작되었습니다. 원래 세계로 돌아갑니다.
Battle with <?npcNameId@513000?> has commenced. Returning to your world.	<?npcNameId@513000?>(와)과의 전투가 시작되었습니다. 원래 세계로 돌아갑니다.
Battle with <?npcNameId@540000?> has commenced. Returning to your world.	<?npcNameId@540000?>(와)과의 전투가 시작되었습니다. 원래 세계로 돌아갑니다.
Battle with <?npcNameId@551000?> has commenced. Returning to your world.	<?npcNameId@551000?>(와)과의 전투가 시작되었습니다. 원래 세계로 돌아갑니다.
Battle with <?npcNameId@750000?> has commenced. Returning to your world.	<?npcNameId@750000?>(와)과의 전투가 시작되었습니다. 원래 세계로 돌아갑니다.
Battle with <?npcNameId@804000?> has commenced. Returning to your world.	<?npcNameId@804000?>(와)과의 전투가 시작되었습니다. 원래 세계로 돌아갑니다.
Battle with <?npcNameId@805000?> has commenced. Returning to your world.	<?npcNameId@805000?>(와)과의 전투가 시작되었습니다. 원래 세계로 돌아갑니다.
Battle with <?npcNameId@899000?> has commenced. Returning to your world.	<?npcNameId@899000?>(와)과의 전투가 시작되었습니다. 원래 세계로 돌아갑니다.
<?npcNameId@1010?> was defeated, ending the hunt. Now, say farewell.	<?npcNameId@1010?>(은)는 쓰러지고 사냥은 끝났다. 헤어질 시간이다.
<?npcNameId@106000?> was defeated, ending the hunt. Now, say farewell.	<?npcNameId@106000?>(은)는 쓰러지고 사냥은 끝났다. 헤어질 시간이다.
<?npcNameId@127000?> was defeated, ending the hunt. Now, say farewell.	<?npcNameId@127000?>(은)는 쓰러지고 사냥은 끝났다. 헤어질 시간이다.
<?npcNameId@209000?> was defeated, ending the hunt. Now, say farewell.	<?npcNameId@209000?>(은)는 쓰러지고 사냥은 끝났다. 헤어질 시간이다.
<?npcNameId@210000?> was defeated, ending the hunt. Now, say farewell.	<?npcNameId@210000?>(은)는 쓰러지고 사냥은 끝났다. 헤어질 시간이다.
<?npcNameId@212010?> was defeated, ending the hunt. Now, say farewell.	<?npcNameId@212010?>(은)는 쓰러지고 사냥은 끝났다. 헤어질 시간이다.
<?npcNameId@212020?> was defeated, ending the hunt. Now, say farewell.	<?npcNameId@212020?>(은)는 쓰러지고 사냥은 끝났다. 헤어질 시간이다.
<?npcNameId@212030?> was defeated, ending the hunt. Now, say farewell.	<?npcNameId@212030?>(은)는 쓰러지고 사냥은 끝났다. 헤어질 시간이다.
<?npcNameId@216000?> was defeated, ending the hunt. Now, say farewell.	<?npcNameId@216000?>(은)는 쓰러지고 사냥은 끝났다. 헤어질 시간이다.
<?npcNameId@232000?> was defeated, ending the hunt. Now, say farewell.	<?npcNameId@232000?>(은)는 쓰러지고 사냥은 끝났다. 헤어질 시간이다.
<?npcNameId@251000?> was defeated, ending the hunt. Now, say farewell.	<?npcNameId@251000?>(은)는 쓰러지고 사냥은 끝났다. 헤어질 시간이다.
<?npcNameId@257000?> was defeated, ending the hunt. Now, say farewell.	<?npcNameId@257000?>(은)는 쓰러지고 사냥은 끝났다. 헤어질 시간이다.
<?npcNameId@271000?> was defeated, ending the hunt. Now, say farewell.	<?npcNameId@271000?>(은)는 쓰러지고 사냥은 끝났다. 헤어질 시간이다.
<?npcNameId@272000?> was defeated, ending the hunt. Now, say farewell.	<?npcNameId@272000?>(은)는 쓰러지고 사냥은 끝났다. 헤어질 시간이다.
<?npcNameId@304000?> was defeated, ending the hunt. Now, say farewell.	<?npcNameId@304000?>(은)는 쓰러지고 사냥은 끝났다. 헤어질 시간이다.
<?npcNameId@305000?> was defeated, ending the hunt. Now, say farewell.	<?npcNameId@305000?>(은)는 쓰러지고 사냥은 끝났다. 헤어질 시간이다.
<?npcNameId@306000?> was defeated, ending the hunt. Now, say farewell.	<?npcNameId@306000?>(은)는 쓰러지고 사냥은 끝났다. 헤어질 시간이다.
<?npcNameId@313000?> was defeated, ending the hunt. Now, say farewell.	<?npcNameId@313000?>(은)는 쓰러지고 사냥은 끝났다. 헤어질 시간이다.
<?npcNameId@500000?> was defeated, ending the hunt. Now, say farewell.	<?npcNameId@500000?>(은)는 쓰러지고 사냥은 끝났다. 헤어질 시간이다.
<?npcNameId@501000?> was defeated, ending the hunt. Now, say farewell.	<?npcNameId@501000?>(은)는 쓰러지고 사냥은 끝났다. 헤어질 시간이다.
<?npcNameId@502000?> was defeated, ending the hunt. Now, say farewell.	<?npcNameId@502000?>(은)는 쓰러지고 사냥은 끝났다. 헤어질 시간이다.
<?npcNameId@503000?> was defeated, ending the hunt. Now, say farewell.	<?npcNameId@503000?>(은)는 쓰러지고 사냥은 끝났다. 헤어질 시간이다.
<?npcNameId@504000?> was defeated, ending the hunt. Now, say farewell.	<?npcNameId@504000?>(은)는 쓰러지고 사냥은 끝났다. 헤어질 시간이다.
<?npcNameId@505000?> was defeated, ending the hunt. Now, say farewell.	<?npcNameId@505000?>(은)는 쓰러지고 사냥은 끝났다. 헤어질 시간이다.
<?npcNameId@506000?> was defeated, ending the hunt. Now, say farewell.	<?npcNameId@506000?>(은)는 쓰러지고 사냥은 끝났다. 헤어질 시간이다.
<?npcNameId@507000?> was defeated, ending the hunt. Now, say farewell.	<?npcNameId@507000?>(은)는 쓰러지고 사냥은 끝났다. 헤어질 시간이다.
<?npcNameId@508000?> was defeated, ending the hunt. Now, say farewell.	<?npcNameId@508000?>(은)는 쓰러지고 사냥은 끝났다. 헤어질 시간이다.
<?npcNameId@509000?> was defeated, ending the hunt. Now, say farewell.	<?npcNameId@509000?>(은)는 쓰러지고 사냥은 끝났다. 헤어질 시간이다.
<?npcNameId@510000?> was defeated, ending the hunt. Now, say farewell.	<?npcNameId@510000?>(은)는 쓰러지고 사냥은 끝났다. 헤어질 시간이다.
<?npcNameId@511000?> was defeated, ending the hunt. Now, say farewell.	<?npcNameId@511000?>(은)는 쓰러지고 사냥은 끝났다. 헤어질 시간이다.
<?npcNameId@512000?> was defeated, ending the hunt. Now, say farewell.	<?npcNameId@512000?>(은)는 쓰러지고 사냥은 끝났다. 헤어질 시간이다.
<?npcNameId@513000?> was defeated, ending the hunt. Now, say farewell.	<?npcNameId@513000?>(은)는 쓰러지고 사냥은 끝났다. 헤어질 시간이다.
<?npcNameId@540000?> was defeated, ending the hunt. Now, say farewell.	<?npcNameId@540000?>(은)는 쓰러지고 사냥은 끝났다. 헤어질 시간이다.
<?npcNameId@551000?> was defeated, ending the hunt. Now, say farewell.	<?npcNameId@551000?>(은)는 쓰러지고 사냥은 끝났다. 헤어질 시간이다.
<?npcNameId@750000?> was defeated, ending the hunt. Now, say farewell.	<?npcNameId@750000?>(은)는 쓰러지고 사냥은 끝났다. 헤어질 시간이다.
<?npcNameId@804000?> was defeated, ending the hunt. Now, say farewell.	<?npcNameId@804000?>(은)는 쓰러지고 사냥은 끝났다. 헤어질 시간이다.
<?npcNameId@805000?> was defeated, ending the hunt. Now, say farewell.	<?npcNameId@805000?>(은)는 쓰러지고 사냥은 끝났다. 헤어질 시간이다.
<?npcNameId@899000?> was defeated, ending the hunt. Now, say farewell.	<?npcNameId@899000?>(은)는 쓰러지고 사냥은 끝났다. 헤어질 시간이다.
One of your notes was rated "fine."	당신의 수기가 "호평" 평가를 받았습니다.
Inspect	조사한다
Search Body	유체를 조사한다
Search Corpse	시체를 조사한다
Pick Up Item	아이템을 줍는다
Search Chest	상자를 조사한다
Search Coffin	관을 조사한다
It writhes eerily.	기괴하게 꿈틀거린다
Time flows in reverse for this scrap of flesh.	살점의 시간이 되돌아왔다
Nothing happened.	아무것도 일어나지 않았다
Closed by a device.	잠금장치로 잠겨있다
Does not open from this side.	이쪽에서는 열리지 않는다
Opened from this side.	이쪽에서 열렸다
Locked.	열쇠가 잠겨있다
Unlocked.	자물쇠 개방
This town is long abandoned. Hunters not wanted here.	버려진 거리. 야수 사냥 불필요, 돌아가라
You have already received blood.	이미 피 나눔을 받았다.
Locked by a device.	잠금장치로 잠겨있다
Already unlocked.	이미 열려있다
Closed.	굳게 닫혀 있다
Device is not currently operable.	지금은 장치를 조작할 수 없다
Only a special emblem opens the main gate.	특별한 인이 없으면, 정문은 바깥에서 열리지 않는다
A special emblem opened the main gate.	특별한 인으로, 정문이 열렸다
Cannot proceed until game is fully installed.	게임 설치가 완료되지 않아 다음으로 진행할 수 없습니다.
Installation complete. To proceed, quit and restart game.	게임 설치를 완료하였습니다. 게임을 종료하여 다시 시작하면 다음으로 진행할 수 있습니다.
Fire Cannon	대포를 발사한다
An abandoned doll.	인형이 버려져있다
Talk	대화
Kneel	무릎을 꿇는다
Knock	문을 두드린다
Ascend Ladder	사다리를 오른다
Descend Ladder	사다리를 내려간다
Open Main Gate	정문을 연다
Read letter	놓여진 편지를 읽는다
Open Door	문을 연다
Shut Door	문을 닫는다
Open Gate	문을 연다
Traverse Nightmare Fog	악몽의 안개를 가로지른다
Open Door to Outside	밖으로 향하는 문을 연다
Open Chest	상자를 연다
Open Coffin	관을 연다
Operate Device	장치를 조작한다
Kick Down Ladder	사다리를 찬다
Ride Carriage	마차에 탄다
Inspect Mummy	미라를 조사한다
Inspect Bath	수반을 조사
Hold up Celestial Dial	천계판 들기
Ring Old Hunter Bell	고대 사냥꾼의 종 울리기
Summon Henryk	헨릭 소환
Summon Master Valtr	발트르 소환
Summon Valtr, Beast Eater	야수 포식자 발트르 소환
Summon Yamamura	야마무라 소환
Summon Younger Madaras Twin	마다라스 쌍둥이 동생 소환
Summon Damian of Mensis	멘시스 데미안 소환
Summon Henriett	헨리에트 소환
Summon Defector Antal	배반자 앤탈 소환
Summon Prospector Olek	탐사자 올렉 소환
Summon Prospector Gremia	탐사자 그레미아 소환
Summon Beastclaw Jozef	야수발톱 요제프 소환
Summon Queen Killer	여왕 살해자 소환
Summon Vitus	비투스 소환
Summon Madman Wallar	광인 발라르 소환
Summon Father Gascoigne	개스코인 신부 소환
Summon Alfred	알프레드 소환
Inspect Surgery Altar	수술 제단 조사
There is a hole in the skull.	해골에 구멍이 있다
Insert Eye Pendant	눈알 목걸이를 넣는다
Inspect Corpse	시체 조사
Read Signboard	표지판을 읽는다
Laboratory Floor 1	연구실 1층
Laboratory Floor 2	연구실 2층
Laboratory Floor 3	연구실 3층
Laboratory Floor 4	연구실 4층
Laboratory Floor 5	연구실 5층
Patient Room Floor 2	환자동 2층
Patient Room Floor 3	환자동 3층
Patient Room Floor 4	환자동 4층
Patient Room Floor 5	환자동 5층
1st Floor Balcony	1층 발코니
2nd Floor Balcony	2층 발코니
Do you wish to reawaken?	다시 깨어나시겠습니까?
Cast away all Blood Echoes and reawaken?	피의 유지를 모두 버리고, 다시 깨어나시겠습니까?
Return to the Hunter's Dream?	사냥꾼의 꿈으로 돌아가시겠습니까?
No place to awaken.	깨어날 곳이 없습니다
Cannot ride carriage at this time.	지금은 마차를 탈 수 없다
You have no messenger accessories.	사자의 장식을 갖고 있지 않다
You have no Holy Chalices.	성배를 갖고 있지 않다
No response.	반응이 없다
Not functioning at this time.	지금은 기능을 잃었다
Function unavailable.	기능이 사라졌다
No Blood Dregs to offer.	바쳐야 할 "피의 타락"을 가지고 있지 않다
Only the beckoner can open this door.	부르는 자가 아니면 이 문을 열 수 없다.
Only the beckoner can operate this device.	부르는 자만이 이 장치를 사용할 수 있다.
Rapid poisoning	맹독
Slow poisoning	느린 독
Weapon at risk	곧 부러질 무기
Frenzy	발광
Weapon broken	부러진 무기
Transformed	야수화
Use <?gdsparam@1520?>?	<?gdsparam@1520?>, 사용하시겠습니까?
Use <?gdsparam@1530?>?	<?gdsparam@1530?>, 사용하시겠습니까?
Use <?gdsparam@1540?>?	<?gdsparam@1540?>, 사용하시겠습니까?
Use <?gdsparam@1550?>?	<?gdsparam@1550?>, 사용하시겠습니까?
Use <?gdsparam@1560?>?	<?gdsparam@1560?>, 사용하시겠습니까?
Use <?gdsparam@1570?>?	<?gdsparam@1570?>, 사용하시겠습니까?
Use <?gdsparam@1580?>?	<?gdsparam@1580?>, 사용하시겠습니까?
Use <?gdsparam@1590?>?	<?gdsparam@1590?>, 사용하시겠습니까?
Use <?gdsparam@1600?>?	<?gdsparam@1600?>, 사용하시겠습니까?
Use <?gdsparam@1610?>?	<?gdsparam@1610?>, 사용하시겠습니까?
Use <?gdsparam@1620?>?	<?gdsparam@1620?>, 사용하시겠습니까?
Use <?gdsparam@1630?>?	<?gdsparam@1630?>, 사용하시겠습니까?
Use <?gdsparam@1640?>?	<?gdsparam@1640?>, 사용하시겠습니까?
Use <?gdsparam@1650?>?	<?gdsparam@1650?>, 사용하시겠습니까?
Use <?gdsparam@1660?>?	<?gdsparam@1660?>, 사용하시겠습니까?
Use <?gdsparam@1670?>?	<?gdsparam@1670?>, 사용하시겠습니까?
Use <?gdsparam@1680?>?	<?gdsparam@1680?>, 사용하시겠습니까?
Use <?gdsparam@1690?>?	<?gdsparam@1690?>, 사용하시겠습니까?
Use <?gdsparam@1700?>?	<?gdsparam@1700?>, 사용하시겠습니까?
Use <?gdsparam@1710?>?	<?gdsparam@1710?>, 사용하시겠습니까?
Use <?gdsparam@1720?>?	<?gdsparam@1720?>, 사용하시겠습니까?
Use <?gdsparam@1730?>?	<?gdsparam@1730?>, 사용하시겠습니까?
Use <?gdsparam@1740?>?	<?gdsparam@1740?>, 사용하시겠습니까?
Use <?gdsparam@1750?>?	<?gdsparam@1750?>, 사용하시겠습니까?
Use <?gdsparam@1760?>?	<?gdsparam@1760?>, 사용하시겠습니까?
Use <?gdsparam@1770?>?	<?gdsparam@1770?>, 사용하시겠습니까?
Use <?gdsparam@1780?>?	<?gdsparam@1780?>, 사용하시겠습니까?
Use <?gdsparam@1790?>?	<?gdsparam@1790?>, 사용하시겠습니까?
Use <?gdsparam@1800?>?	<?gdsparam@1800?>, 사용하시겠습니까?
Use <?gdsparam@1810?>?	<?gdsparam@1810?>, 사용하시겠습니까?
Use <?gdsparam@1820?>?	<?gdsparam@1820?>, 사용하시겠습니까?
Use <?gdsparam@1830?>?	<?gdsparam@1830?>, 사용하시겠습니까?
Use <?gdsparam@1840?>?	<?gdsparam@1840?>, 사용하시겠습니까?
Use <?gdsparam@1850?>?	<?gdsparam@1850?>, 사용하시겠습니까?
Use <?gdsparam@1860?>?	<?gdsparam@1860?>, 사용하시겠습니까?
Use <?gdsparam@1870?>?	<?gdsparam@1870?>, 사용하시겠습니까?
Use <?gdsparam@1880?>?	<?gdsparam@1880?>, 사용하시겠습니까?
Use <?gdsparam@1890?>?	<?gdsparam@1890?>, 사용하시겠습니까?
Use <?gdsparam@1900?>?	<?gdsparam@1900?>, 사용하시겠습니까?
Use <?gdsparam@1910?>?	<?gdsparam@1910?>, 사용하시겠습니까?
Use <?gdsparam@1920?>?	<?gdsparam@1920?>, 사용하시겠습니까?
Use <?gdsparam@4306?>?	<?gdsparam@4306?>, 사용하시겠습니까?
Use <?gdsparam@4320?>?	<?gdsparam@4320?>(을)를 사용하시겠습니까?
Use <?gdsparam@4321?>?	<?gdsparam@4321?>(을)를 사용하시겠습니까?
Use <?gdsparam@4322?>?	<?gdsparam@4322?>(을)를 사용하시겠습니까?
Use <?gdsparam@4323?>?	<?gdsparam@4323?>(을)를 사용하시겠습니까?
Opened gate with <?gdsparam@4000?>.	<?gdsparam@4000?>에 의해 문이 열렸다
Cast away Blood Echoes and reawaken?	피의 유지를 모두 버리고, 다시 깨어나시겠습니까?
Peruse the Vileblood Register?	혈족 명부를 열람하시겠습니까?
Check League Directory?	리그 명단을 확인하시겠습니까?
Opened door with <?gdsparam@4001?>.	<?gdsparam@4001?> 사용, 문을 열었다.
Opened door with <?gdsparam@4002?>.	<?gdsparam@4002?> 사용, 문을 열었다.
Opened door with <?gdsparam@4003?>.	<?gdsparam@4003?> 사용, 문을 열었다.
Opened door with <?gdsparam@4004?>.	<?gdsparam@4004?> 사용, 문을 열었다.
Opened door with <?gdsparam@4005?>.	<?gdsparam@4005?> 사용, 문을 열었다.
Opened door with <?gdsparam@4006?>.	<?gdsparam@4006?> 사용, 문을 열었다.
Opened door with <?gdsparam@4007?>.	<?gdsparam@4007?> 사용, 문을 열었다.
Opened door with <?gdsparam@4008?>.	<?gdsparam@4008?> 사용, 문을 열었다.
Opened door with <?gdsparam@4009?>.	<?gdsparam@4009?> 사용, 문을 열었다.
Opened door with <?gdsparam@4010?>.	<?gdsparam@4010?> 사용, 문을 열었다.
Opened door with <?gdsparam@4011?>.	<?gdsparam@4011?> 사용, 문을 열었다.
Opened door with <?gdsparam@4012?>.	<?gdsparam@4012?> 사용, 문을 열었다.
Opened door with <?gdsparam@4013?>.	<?gdsparam@4013?> 사용, 문을 열었다.
Opened door with <?gdsparam@4014?>.	<?gdsparam@4014?> 사용, 문을 열었다.
Opened door with <?gdsparam@4015?>.	<?gdsparam@4015?> 사용, 문을 열었다.
Opened door with <?gdsparam@4018?>.	<?gdsparam@4018?> 사용, 문을 열었다.
Opened door with <?gdsparam@4019?>.	<?gdsparam@4019?> 사용, 문을 열었다.
Opened door with <?gdsparam@4020?>.	<?gdsparam@4020?> 사용, 문을 열었다.
Use Blood Echoes to raise stats and level-up.	"피의 유지"로 능력치를 높여, 레벨업합니다
Place items in storage, or retrieve stored items.	소지품을 보관함에 수납합니다 수납한 아이템은 다시 꺼낼 수 있습니다
Fortify weapons using Blood Stones.	혈석을 사용하여 무기를 강화합니다
Repair items with reduced durability.	내구력이 감소한 아이템을 수리합니다
The workshop tool required for this task is missing.	필요한 공방도구가 없습니다
Memorize a Caryll Rune to acquire its eldritch strength.	카릴 문자를 기억하여, 신비의 힘을 얻을 수 있습니다
Wear clothing to change appearance.	변장으로 외관을 상세히 변화시킵니다
Awaken at a selected location in Yharnam.	야남의 땅, 선택한 장소에서 깨어납니다
A Holy Chalice is required to conduct a ritual.	성배가 없으면 의식을 진행할 수 없습니다
A Short Ritual Root Chalice is required to conduct a ritual.	약식 의식의 범성배가 없으면 의식을 진행할 수 없습니다
Trade in Blood Echoes with messengers to buy and sell items.	"피의 유지"로 사자와 거래(아이템의 매매)를 합니다
This bath appears linked to the nightmare, but there are no messengers.	이 수반은 악몽에 닿아 있는 것 같다 하지만, 사자의 모습은 보이지 않는다
Buy with Insight. Make trades with messengers using Insight.	계몽 거래. "계몽"으로 사자와 거래합니다
This stump appears linked to the nightmare, but there are no messengers.	이 그루터기는 악몽에 닿아 있는 것 같다 하지만, 사자의 모습은 보이지 않는다
Give accessories to messengers and they will obediently adorn them.	사자에게 장신구를 주면, 그들은 기꺼이 그것을 착용할 것입니다
Somewhere, a door to the old labyrinth has opened.	어디선가, 지하 유적을 폐쇄하고 있던 문이 열렸습니다
Silencing Blank ends such forms of cooperation.	"공명을 깨는 공포탄"은 협력을 마치는 아이템입니다
Handwritten scrawl: Seek Paleblood to transcend the hunt.	자필로 휘갈겨 씀 "창백한 피"를 구해라. 사냥을 완수하기 위해
The sky and the cosmos are one. - "The Choir"	우주는 하늘에 있다. "성가대"
Hunt the Great Ones. Hunt the Great Ones.	위대한 자 사냥. 위대한 자 사냥
The nameless moon presence beckoned by Laurence and his associates. Paleblood.	로렌스 일행의 이름 없는 달의 존재. "창백한 피"
Three third cords.	세 개의 세 번째 탯줄
Nightmarish rituals crave a newborn. Find one, and silence its harrowing cry.	악몽의 의식은 아이와 함께있다. 아이를 찾아라. 그 우는 소리를 멈춰줘
Ritual secret broken. Seek the nightmare newborn.	의식의 비밀은 깨졌다. 악몽의 아이를 찾아라
What will you do?	어떻게 하시겠습니까?
How do you answer?	어떻게 답하시겠습니까?
Submit your life?	몸을 맡기시겠습니까?
Receive blood treatment?	피의 나눔을 받으시겠습니까?
Give Red Jeweled Brooch	"붉은 브로치"를 건네시겠습니까?
Give Red Messenger Ribbon	"사자의 붉은 리본"을 건네시겠습니까?
Give Unopened Summons?	"봉인된 초대장"을 건네시겠습니까?
Select quantity to offer:	몇 개를 바칠지 선택하십시오
Give Small Hair Ornament	"작은 머리장식"을 건넨다
Give Unopened Summons	"봉인된 초대장"을 건넨다
Swear Oath to the Vilebloods	혈족의 서약을 한다
Offer Blood Dreg	"피의 타락"을 바친다
Propose Marriage	구혼한다
Talk about the Healing Church	"치유 교단"에 관하여 대화
Talk about Byrgenwerth	"비르겐워스"에 관하여 대화
About the Corrupted Vilebloods	"타락한 혈족"에 대해서
No	모른다
Learn Gesture	제스처 배우기
Tell of Oedon Chapel	"오에돈 예배당"을 알려준다
Tell of Iosefka's Clinic	"이오셰프카의 진료소"를 알려준다
Withhold Information 	말하지 않는다
Fear the old blood.	"오래된 피를 두려워하라"
Keep Quiet	아무 말도 하지 않는다
Do Not Give	건네지 않는다
Already dead.	죽어있다
Submit Your Life	목숨을 맡긴다
Refuse	거절한다
Swear Vileblood Oath	혈족의 서약을 한다
I have my share of woes	힘든 일이 있다
Receive Blood Treatment	피 나눔을 받는다
Find Girl's Mother	소녀의 어머니를 찾는다
Of course I think ill of you!	너무 원망하고 있다
Not at all	원망하지 않는다
Cooperate	협력한다
Hunt the Beasts of Old Yharnam	구시가지의 야수를 사냥한다
Spare the Beasts of Old Yharnam	사냥하지 않는다
Offer Flesh To Altar	제단에 살점을 바친다
Do Nothing	아무것도 하지 않는다
Join the League	리그에 합류
Accept Blood	피를 받아들인다
Give Brain Fluid	뇌수를 건넨다
Nightmares are fascinating	악몽은 매력적이다
I've no interest	관심 없다
Yes	네
I hear the bell	종소리가 들린다
I hear nothing	아무것도 들리지 않는다
Dead.	시체
Hold on, just wait a wee bit, my little dearie.	조금만 기다려줘, 나의 귀여운 아이야
Wait just a wee bit longer, my little sweet-pea	조금만 기다려줘, 나의 귀여운 아이
Bloody Messenger Bandage	사자의 피투성이 머리 붕대
Leave Unadorned	아무것도 걸치지 않는다
Leave	떠난다
Purchase Items	아이템을 구입한다
Channel Blood Echoes	피의 유지를 깃들인다
Fortify Weapon	무기를 강화한다
Blood Gem Fortification	혈정 강화
Repair Weapons	무기를 수리한다
Sell Items	아이템을 판매한다
Buy with Insight	계몽 거래
Cancel	종료
Sent cooperator <?leaveName?> back to their own world.	협력자 <?leaveName?>(을)를 원래 세계로 돌려보냈습니다
Sent back to own world by beckoner <?hostName?>.	부르는 자 <?hostName?>에 의해 원래 세계로 돌려보내졌습니다
Cooperator <?leaveName?> returned to their own world.	협력자 <?leaveName?>(이)가 원래 세계로 돌아갔습니다
Returning to own world.	원래 세계로 돌아갑니다
Bell silenced. Returning to own world.	종의 공명이 깨졌습니다. 원래 세계로 돌아갑니다
Adversary <?leaveName?> returned to their own world.	적대자 <?leaveName?>(이)가 원래 세계로 돌아갔습니다
Vileblood <?leaveName?> returned to their own world.	타락한 혈족 <?leaveName?> 님이 원래의 세계로 돌아갔습니다.
Executioner <?leaveName?> returned to their own world.	처형단 <?leaveName?> 님이 원래의 세계로 돌아갔습니다.
Hunter of Hunters <?leaveName?> returned to their own world.	사냥꾼을 사냥하는 자 <?leaveName?> 님이 원래의 세계로 돌아갔습니다.
Sent Confederate <?leaveName?> back to their own world.	맹약자 <?leaveName?>(을)를 원래 세계로 돌려보냈습니다
Confederate <?leaveName?> sent back to own world.	맹약자 <?leaveName?>(이)가 원래 세계로 돌려보내졌습니다
Confederate <?leaveName?> returned to their own world.	맹약자 <?leaveName?>(이)가 원래 세계로 돌아갔습니다
Sent Old Hunter <?leaveName?> back to their own world.	고대 사냥꾼 <?leaveName?> (을)를 원래 세계로 돌려보냈습니다
Old Hunter <?leaveName?> sent back to own world.	고대 사냥꾼 <?leaveName?>(이)가 원래 세계로 돌려보내졌습니다
Old Hunter <?leaveName?> returned to their own world.	고대 사냥꾼 <?leaveName?>(이)가 원래 세계로 돌아갔습니다
Session lost.	세션이 종료되었습니다.
Exiting session due to unstable connection...	네트워크 접속이 불안정하기 때문에 세션을 종료합니다
View Specter	유영을 본다
Acquire Blood Echoes	피의 유지를 얻는다
Acquire Someone's Blood Echoes	누군가 남긴 피의 유지를 얻는다
View Notes	수기를 읽는다
View Own Notes	자신의 수기를 확인한다
Storage	보관함
Workshop	공방작업
(Not needed)	(불필요)
Bath Messenger	수반의 사자
Accept Gift from Messengers	사자가 전한 선물을 받는다
Put on Disguise	변장한다
Stump Messenger	그루터기의 사자
Memory Altar	기억의 제단
Abandoned Old Workshop	버려진 구공방
Witch's Abode	마녀의 저택
Church of the Good Chalice	성배 교단
Graveyard of the Darkbeast	검은 야수의 묘지
Grand Cathedral	대성당
1st Floor Sickroom	1층 병실
Great Bridge	대교
Tomb of Oedon	오에돈의 지하묘지
Altar of Despair	통곡의 제단
Lumenflower Gardens	별고리풀 정원
Forsaken Castle Cainhurst	폐성 카인허스트
Vileblood Queen's Chamber	피의 여왕의 방
Logarius' Seat	로가리우스의 의자
Wet Nurse's Lunarium	유모의 망월대
Mergo's Loft: Middle	메르고의 누각 중간층
Mergo's Loft: Base	메르고의 누각 기슭
Forbidden Grave	금단의 무덤
Advent Plaza	재림의 광장
Hypogean Gaol	지하 감옥
Yahar'gul Chapel	야하굴 교단
Chamber of the Seal	봉인의 문
 Layer One	제1층
Layer One: Heart	제1층 심부
 Layer Two	제2층
Layer Two: Heart	제2층 심부
 Layer Three	제3층
Layer Three: Heart	제3층 심부
 Layer Four	제4층
Layer Four: Heart	제4층 심부
Lecture Building 2nd Floor	교실동 2층
Amygdala's Chamber	아미그달라의 침소
Nightmare Church	악몽 교단
Underground Corpse Pile	지하 시체더미
Nightmare Grand Cathedral	악몽 대성당
Lumenwood Garden	별고리나무 정원
Astral Clocktower	천체의 시계탑
Lighthouse Hut	등대 오두막
Coast	해안가
Yharnam Headstone	야남의 묘비
Frontier Headstone	변경의 묘비
Unseen Headstone	숨겨진 땅의 묘비
Nightmare Headstone	악몽의 묘비
Hunter's Nightmare Headstone	사냥꾼의 악몽 묘비
Awakening Headstone	깨어남의 묘비
Makeshift Altar	간이 제단
First Ritual Altar	최초의 의식 제단
Second Ritual Altar	두 번째 의식 제단
Third Ritual Altar	세 번째 의식 제단
Fourth Ritual Altar	네 번째 의식 제단
Fifth Ritual Altar	다섯 번째 의식 제단
Final Ritual Altar	최후의 의식 제단
Light Lamp	등에 불을 붙인다
Return to the Hunter's Dream	사냥꾼의 꿈으로 돌아간다
Tempering Blood Gemstone (1)	강화의 혈정석 (1)
Hard Adept Blood Gemstone (1)	단단함 특화의 혈정석 (1)
Hard Adept Blood Gemstone (2)	단단함 특화의 혈정석 (2)
Hard Adept Blood Gemstone (3)	단단함 특화의 혈정석 (3)
Hard Adept Damp Blood Gem (4)	단단함 특화의 축축한 혈정 (4)
Hard Adept Damp Blood Gem (5)	단단함 특화의 축축한 혈정 (5)
Hard Adept Damp Blood Gem (6)	단단함 특화의 축축한 혈정 (6)
Hard Adept Abyssal Blood Gem	단단함 특화의 심연 혈정
Odd Bloodtinge Gemstone (1)	혈질 집중의 혈정석 (1)
Odd Bloodtinge Gemstone (2)	혈질 집중의 혈정석 (2)
Odd Bloodtinge Gemstone (3)	혈질 집중의 혈정석 (3)
Odd Damp Bloodtinge Gem (4)	혈질 집중의 축축한 혈정 (4)
Odd Damp Bloodtinge Gem (5)	혈질 집중의 축축한 혈정 (5)
Odd Damp Bloodtinge Gem (6)	혈질 집중의 축축한 혈정 (6)
Odd Abyssal Bloodtinge Gem	혈질 집중의 심연 혈정
Odd Arcane Blood Gemstone (1)	신비 집중의 혈정석 (1)
Odd Arcane Blood Gemstone (2)	신비 집중의 혈정석 (2)
Odd Arcane Blood Gemstone (3)	신비 집중의 혈정석 (3)
Odd Arcane Damp Blood Gem (4)	신비 집중의 축축한 혈정 (4)
Odd Arcane Damp Blood Gem (5)	신비 집중의 축축한 혈정 (5)
Odd Arcane Damp Blood Gem (6)	신비 집중의 축축한 혈정 (6)
Odd Arcane Abyssal Blood Gem	신비 집중의 심연 혈정
Odd Fire Blood Gemstone (1)	화염 집중의 혈정석 (1)
Odd Fire Blood Gemstone (2)	화염 집중의 혈정석 (2)
Odd Fire Blood Gemstone (3)	화염 집중의 혈정석 (3)
Odd Fire Damp Blood Gem (4)	화염 집중의 축축한 혈정 (4)
Odd Fire Damp Blood Gem (5)	화염 집중의 축축한 혈정 (5)
Odd Fire Damp Blood Gem (6)	화염 집중의 축축한 혈정 (6)
Odd Fire Abyssal Blood Gem	화염 집중의 심연 혈정
Odd Bolt Blood Gemstone (1)	번개 집중의 혈정석 (1)
Odd Bolt Blood Gemstone (2)	번개 집중의 혈정석 (2)
Odd Bolt Blood Gemstone (3)	번개 집중의 혈정석 (3)
Odd Bolt Damp Blood Gem (4)	번개 집중의 축축한 혈정 (4)
Odd Bolt Damp Blood Gem (5)	번개 집중의 축축한 혈정 (5)
Odd Bolt Damp Blood Gem (6)	번개 집중의 축축한 혈정 (6)
Odd Bolt Abyssal Blood Gem	번개 집중의 심연 혈정
Odd Tempering Blood Gemstone (1)	강화 집중의 혈정석 (1)
Odd Tempering Blood Gemstone (2)	강화 집중의 혈정석 (2)
Odd Tempering Blood Gemstone (3)	강화 집중의 혈정석 (3)
Odd Tempering Damp Blood Gem (4)	강화 집중의 축축한 혈정 (4)
Odd Tempering Damp Blood Gem (5)	강화 집중의 축축한 혈정 (5)
Odd Tempering Damp Blood Gem (6)	강화 집중의 축축한 혈정 (6)
Odd Tempering Abyssal Blood Gem	강화 집중의 심연 혈정
Hard Nourishing Blood Gemstone (1)	단단함 모두 강화의 혈정석 (1)
Hard Nourishing Blood Gemstone (2)	단단함 모두 강화의 혈정석 (2)
Hard Nourishing Blood Gemstone (3)	단단함 모두 강화의 혈정석 (3)
Hard Nourishing Damp Blood Gem (4)	단단함 모두 강화의 축축한 혈정 (4)
Hard Nourishing Damp Blood Gem (5)	단단함 모두 강화의 축축한 혈정 (5)
Hard Nourishing Damp Blood Gem (6)	단단함 모두 강화의 축축한 혈정 (6)
Hard Nourishing Abyssal Blood Gem	단단함 모두 강화의 심연 혈정
Adept Blood Gemstone (1)	특화의 혈정석 (1)
Adept Blood Gemstone (2)	특화의 혈정석 (2)
Adept Blood Gemstone (3)	특화의 혈정석 (3)
Adept Damp Blood Gem (4)	특화의 축축한 혈정 (4)
Adept Damp Blood Gem (5)	특화의 축축한 혈정 (5)
Adept Damp Blood Gem (6)	특화의 축축한 혈정 (6)
Adept Abyssal Blood Gem	특화의 심연 혈정
Bloodtinge Gemstone (1)	혈질의 혈정석 (1)
Bloodtinge Gemstone (2)	혈질의 혈정석 (2)
Bloodtinge Gemstone (3)	혈질의 혈정석 (3)
Damp Bloodtinge Gem (4)	혈질의 축축한 혈정 (4)
Damp Bloodtinge Gem (5)	혈질의 축축한 혈정 (5)
Damp Bloodtinge Gem (6)	혈질의 축축한 혈정 (6)
Abyssal Bloodtinge Gem	혈질의 심연 혈정
Arcane Blood Gemstone (1)	신비의 혈정석 (1)
Arcane Blood Gemstone (2)	신비의 혈정석 (2)
Arcane Blood Gemstone (3)	신비의 혈정석 (3)
Arcane Damp Blood Gem (4)	신비의 축축한 혈정 (4)
Arcane Damp Blood Gem (5)	신비의 축축한 혈정 (5)
Arcane Damp Blood Gem (6)	신비의 축축한 혈정 (6)
Arcane Abyssal Blood Gem	신비의 심연 혈정
Fire Blood Gemstone (1)	화염의 혈정석 (1)
Fire Blood Gemstone (2)	화염의 혈정석 (2)
Fire Blood Gemstone (3)	화염의 혈정석 (3)
Fire Damp Blood Gem (4)	화염의 축축한 혈정 (4)
Fire Damp Blood Gem (5)	화염의 축축한 혈정 (5)
Fire Damp Blood Gem (6)	화염의 축축한 혈정 (6)
Fire Abyssal Blood Gem	화염의 심연 혈정
Bolt Blood Gemstone (1)	번개의 혈정석 (1)
Bolt Blood Gemstone (2)	번개의 혈정석 (2)
Bolt Blood Gemstone (3)	번개의 혈정석 (3)
Bolt Damp Blood Gem (4)	번개의 축축한 혈정 (4)
Bolt Damp Blood Gem (5)	번개의 축축한 혈정 (5)
Bolt Damp Blood Gem (6)	번개의 축축한 혈정 (6)
Bolt Abyssal Blood Gem	번개의 심연 혈정
Tempering Blood Gemstone (2)	강화의 혈정석 (2)
Tempering Blood Gemstone (3)	강화의 혈정석 (3)
Tempering Damp Blood Gem (4)	강화의 축축한 혈정 (4)
Tempering Damp Blood Gem (5)	강화의 축축한 혈정 (5)
Tempering Damp Blood Gem (6)	강화의 축축한 혈정 (6)
Tempering Abyssal Blood Gem	강화의 심연 혈정
Nourishing Blood Gemstone (1)	모두 강화의 혈정석 (1)
Nourishing Blood Gemstone (2)	모두 강화의 혈정석 (2)
Nourishing Blood Gemstone (3)	모두 강화의 혈정석 (3)
Nourishing Damp Blood Gem (4)	모두 강화의 축축한 혈정 (4)
Nourishing Damp Blood Gem (5)	모두 강화의 축축한 혈정 (5)
Nourishing Damp Blood Gem (6)	모두 강화의 축축한 혈정 (6)
Nourishing Abyssal Blood Gem	모두 강화의 심연 혈정
Heavy Blood Gemstone (1)	무거운 혈정석 (1)
Heavy Blood Gemstone (2)	무거운 혈정석 (2)
Heavy Blood Gemstone (3)	무거운 혈정석 (3)
Heavy Damp Blood Gem (4)	무겁고 축축한 혈정 (4)
Heavy Damp Blood Gem (5)	무겁고 축축한 혈정 (5)
Heavy Damp Blood Gem (6)	무겁고 축축한 혈정 (6)
Heavy Abyssal Blood Gem	무거운 심연 혈정
Sharp Blood Gemstone (1)	날카로운 혈정석 (1)
Sharp Blood Gemstone (2)	날카로운 혈정석 (2)
Sharp Blood Gemstone (3)	날카로운 혈정석 (3)
Sharp Damp Blood Gem (4)	날카롭고 축축한 혈정 (4)
Sharp Damp Blood Gem (5)	날카롭고 축축한 혈정 (5)
Sharp Damp Blood Gem (6)	날카롭고 축축한 혈정 (6)
Sharp Abyssal Blood Gem	날카로운 심연 혈정
Warm Blood Gemstone (1)	따뜻한 혈정석 (1)
Warm Blood Gemstone (2)	따뜻한 혈정석 (2)
Warm Blood Gemstone (3)	따뜻한 혈정석 (3)
Warm Damp Blood Gem (4)	따뜻하고 축축한 혈정 (4)
Warm Damp Blood Gem (5)	따뜻하고 축축한 혈정 (5)
Warm Damp Blood Gem (6)	따뜻하고 축축한 혈정 (6)
Warm Abyssal Blood Gem	따뜻한 심연 혈정
Cold Blood Gemstone (1)	차가운 혈정석 (1)
Cold Blood Gemstone (2)	차가운 혈정석 (2)
Cold Blood Gemstone (3)	차가운 혈정석 (3)
Cold Damp Blood Gem (4)	차갑고 축축한 혈정 (4)
Cold Damp Blood Gem (5)	차갑고 축축한 혈정 (5)
Cold Damp Blood Gem (6)	차갑고 축축한 혈정 (6)
Cold Abyssal Blood Gem	차가운 심연 혈정
Beasthunter's Blood Gemstone (1)	야수 사냥의 혈정석 (1)
Beasthunter's Blood Gemstone (2)	야수 사냥의 혈정석 (2)
Beasthunter's Blood Gemstone (3)	야수 사냥의 혈정석 (3)
Beasthunter's Damp Blood Gem (4)	야수 사냥의 축축한 혈정 (4)
Beasthunter's Damp Blood Gem (5)	야수 사냥의 축축한 혈정 (5)
Beasthunter's Damp Blood Gem (6)	야수 사냥의 축축한 혈정 (6)
Beasthunter's Abyssal Blood Gem	야수 사냥의 심연 혈정
Kinhunter's Blood Gemstone (1)	권속 사냥의 혈정석 (1)
Kinhunter's Blood Gemstone (2)	권속 사냥의 혈정석 (2)
Kinhunter's Blood Gemstone (3)	권속 사냥의 혈정석 (3)
Kinhunter's Damp Blood Gem (4)	권속 사냥의 축축한 혈정 (4)
Kinhunter's Damp Blood Gem (5)	권속 사냥의 축축한 혈정 (5)
Kinhunter's Damp Blood Gem (6)	권속 사냥의 축축한 혈정 (6)
Kinhunter's Abyssal Blood Gem	권속 사냥의 심연 혈정
Murky Blood Gemstone (1)	탁한 혈정석 (1)
Murky Blood Gemstone (2)	탁한 혈정석 (2)
Murky Blood Gemstone (3)	탁한 혈정석 (3)
Murky Damp Blood Gem (4)	탁하고 축축한 혈정 (4)
Murky Damp Blood Gem (5)	탁하고 축축한 혈정 (5)
Murky Damp Blood Gem (6)	탁하고 축축한 혈정 (6)
Murky Abyssal Blood Gem	탁한 심연 혈정
Dirty Blood Gemstone (1)	더러운 혈정석 (1)
Dirty Blood Gemstone (2)	더러운 혈정석 (2)
Dirty Blood Gemstone (3)	더러운 혈정석 (3)
Dirty Damp Blood Gem (4)	더럽고 축축한 혈정 (4)
Dirty Damp Blood Gem (5)	더럽고 축축한 혈정 (5)
Dirty Damp Blood Gem (6)	더럽고 축축한 혈정 (6)
Dirty Abyssal Blood Gem	더러운 심연 혈정
Finestrike Blood Gemstone (1)	교격의 혈정석 (1)
Finestrike Blood Gemstone (2)	교격의 혈정석 (2)
Finestrike Blood Gemstone (3)	교격의 혈정석 (3)
Finestrike Damp Blood Gem (4)	교격의 축축한 혈정 (4)
Finestrike Damp Blood Gem (5)	교격의 축축한 혈정 (5)
Finestrike Damp Blood Gem (6)	교격의 축축한 혈정 (6)
Finestrike Abyssal Blood Gem	교격의 심연 혈정
Radiant Blood Gemstone (1)	빛나는 혈정석 (1)
Radiant Blood Gemstone (2)	빛나는 혈정석 (2)
Radiant Blood Gemstone (3)	빛나는 혈정석 (3)
Radiant Damp Blood Gem (4)	빛나는 축축한 혈정 (4)
Radiant Damp Blood Gem (5)	빛나는 축축한 혈정 (5)
Radiant Damp Blood Gem (6)	빛나는 축축한 혈정 (6)
Radiant Abyssal Blood Gem	빛나는 심연 혈정
Striking Blood Gemstone (1)	일격의 혈정석 (1)
Striking Blood Gemstone (2)	일격의 혈정석 (2)
Striking Blood Gemstone (3)	일격의 혈정석 (3)
Striking Damp Blood Gem (4)	일격의 축축한 혈정 (4)
Striking Damp Blood Gem (5)	일격의 축축한 혈정 (5)
Striking Damp Blood Gem (6)	일격의 축축한 혈정 (6)
Striking Abyssal Blood Gem	일격의 심연 혈정
Pulsing Blood Gemstone (1)	맥이 뛰는 혈정석 (1)
Pulsing Blood Gemstone (2)	맥이 뛰는 혈정석 (2)
Pulsing Blood Gemstone (3)	맥이 뛰는 혈정석 (3)
Pulsing Damp Blood Gem (4)	맥이 뛰는 축축한 혈정 (4)
Pulsing Damp Blood Gem (5)	맥이 뛰는 축축한 혈정 (5)
Pulsing Damp Blood Gem (6)	맥이 뛰는 축축한 혈정 (6)
Pulsing Abyssal Blood Gem	맥이 뛰는 심연 혈정
Lethal Blood Gemstone (1)	사투의 혈정석 (1)
Lethal Blood Gemstone (2)	사투의 혈정석 (2)
Lethal Blood Gemstone (3)	사투의 혈정석 (3)
Lethal Damp Blood Gem (4)	사투의 축축한 혈정 (4)
Lethal Damp Blood Gem (5)	사투의 축축한 혈정 (5)
Lethal Damp Blood Gem (6)	사투의 축축한 혈정 (6)
Lethal Abyssal Blood Gem	사투의 심연 혈정
Dense Blood Gemstone (1)	경질의 혈정석 (1)
Dense Blood Gemstone (2)	경질의 혈정석 (2)
Dense Blood Gemstone (3)	경질의 혈정석 (3)
Dense Damp Blood Gem (4)	경질의 축축한 혈정 (4)
Dense Damp Blood Gem (5)	경질의 축축한 혈정 (5)
Dense Damp Blood Gem (6)	경질의 축축한 혈정 (6)
Dense Abyssal Blood Gem	경질의 심연 혈정
Fool's Blood Gemstone (1)	어리석은 자의 혈정석 (1)
Fool's Blood Gemstone (2)	어리석은 자의 혈정석 (2)
Fool's Blood Gemstone (3)	어리석은 자의 혈정석 (3)
Fool's Damp Blood Gem (4)	어리석은 자의 축축한 혈정 (4)
Fool's Damp Blood Gem (5)	어리석은 자의 축축한 혈정 (5)
Fool's Damp Blood Gem (6)	어리석은 자의 축축한 혈정 (6)
Fool's Abyssal Blood Gem	어리석은 자의 심연 혈정
Poorman's Blood Gemstone (1)	가난한 자의 혈정석 (1)
Poorman's Blood Gemstone (2)	가난한 자의 혈정석 (2)
Poorman's Blood Gemstone (3)	가난한 자의 혈정석 (3)
Poorman's Damp Blood Gem (4)	가난한 자의 축축한 혈정 (4)
Poorman's Damp Blood Gem (5)	가난한 자의 축축한 혈정 (5)
Poorman's Damp Blood Gem (6)	가난한 자의 축축한 혈정 (6)
Poorman's Abyssal Blood Gem	가난한 자의 심연 혈정
Forlorn Blood Gemstone (1)	고독한 혈정석 (1)
Forlorn Blood Gemstone (2)	고독한 혈정석 (2)
Forlorn Blood Gemstone (3)	고독한 혈정석 (3)
Forlorn Damp Blood Gem (4)	고독하고 축축한 혈정 (4)
Forlorn Damp Blood Gem (5)	고독하고 축축한 혈정 (5)
Forlorn Damp Blood Gem (6)	고독하고 축축한 혈정 (6)
Forlorn Abyssal Blood Gem	고독한 심연 혈정
Cursed Tempering Blood Gemstone (1)	저주받은 강화의 혈정석 (1)
Cursed Hard Adept Blood Gemstone (1)	저주받은 단단함 특화의 혈정석 (1)
Cursed Hard Adept Blood Gemstone (2)	저주받은 단단함 특화의 혈정석 (2)
Cursed Hard Adept Blood Gemstone (3)	저주받은 단단함 특화의 혈정석 (3)
Cursed Hard Adept Damp Blood Gem (4)	저주받은 단단함 특화의 축축한 혈정 (4)
Cursed Hard Adept Damp Blood Gem (5)	저주받은 단단함 특화의 축축한 혈정 (5)
Cursed Hard Adept Damp Blood Gem (6)	저주받은 단단함 특화의 축축한 혈정 (6)
Cursed Hard Adept Abyssal Blood Gem	저주받은 단단함 특화의 심연 혈정
Cursed Odd Bloodtinge Gemstone (1)	저주받은 혈질 집중의 혈정석 (1)
Cursed Odd Bloodtinge Gemstone (2)	저주받은 혈질 집중의 혈정석 (2)
Cursed Odd Bloodtinge Gemstone (3)	저주받은 혈질 집중의 혈정석 (3)
Cursed Odd Damp Bloodtinge Gem (4)	저주받은 혈질 집중의 축축한 혈정 (4)
Cursed Odd Damp Bloodtinge Gem (5)	저주받은 혈질 집중의 축축한 혈정 (5)
Cursed Odd Damp Bloodtinge Gem (6)	저주받은 혈질 집중의 축축한 혈정 (6)
Cursed Odd Abyssal Bloodtinge Gem	저주받은 혈질 집중의 심연 혈정
Cursed Odd Arcane Blood Gemstone (1)	저주받은 신비 집중의 혈정석 (1)
Cursed Odd Arcane Blood Gemstone (2)	저주받은 신비 집중의 혈정석 (2)
Cursed Odd Arcane Blood Gemstone (3)	저주받은 신비 집중의 혈정석 (3)
Cursed Odd Arcane Damp Blood Gem (4)	저주받은 신비 집중의 축축한 혈정 (4)
Cursed Odd Arcane Damp Blood Gem (5)	저주받은 신비 집중의 축축한 혈정 (5)
Cursed Odd Arcane Damp Blood Gem (6)	저주받은 신비 집중의 축축한 혈정 (6)
Cursed Odd Arcane Abyssal Blood Gem	저주받은 신비 집중의 심연 혈정
Cursed Odd Fire Blood Gemstone (1)	저주받은 화염 집중의 혈정석 (1)
Cursed Odd Fire Blood Gemstone (2)	저주받은 화염 집중의 혈정석 (2)
Cursed Odd Fire Blood Gemstone (3)	저주받은 화염 집중의 혈정석 (3)
Cursed Odd Fire Damp Blood Gem (4)	저주받은 화염 집중의 축축한 혈정 (4)
Cursed Odd Fire Damp Blood Gem (5)	저주받은 화염 집중의 축축한 혈정 (5)
Cursed Odd Fire Damp Blood Gem (6)	저주받은 화염 집중의 축축한 혈정 (6)
Cursed Odd Fire Abyssal Blood Gem	저주받은 화염 집중의 심연 혈정
Cursed Odd Bolt Blood Gemstone (1)	저주받은 번개 집중의 혈정석 (1)
Cursed Odd Bolt Blood Gemstone (2)	저주받은 번개 집중의 혈정석 (2)
Cursed Odd Bolt Blood Gemstone (3)	저주받은 번개 집중의 혈정석 (3)
Cursed Odd Bolt Damp Blood Gem (4)	저주받은 번개 집중의 축축한 혈정 (4)
Cursed Odd Bolt Damp Blood Gem (5)	저주받은 번개 집중의 축축한 혈정 (5)
Cursed Odd Bolt Damp Blood Gem (6)	저주받은 번개 집중의 축축한 혈정 (6)
Cursed Odd Bolt Abyssal Blood Gem	저주받은 번개 집중의 심연 혈정
Cursed Odd Tempering Blood Gemstone (1)	저주받은 강화 집중의 혈정석 (1)
Cursed Odd Tempering Blood Gemstone (2)	저주받은 강화 집중의 혈정석 (2)
Cursed Odd Tempering Blood Gemstone (3)	저주받은 강화 집중의 혈정석 (3)
Cursed Odd Tempering Damp Blood Gem (4)	저주받은 강화 집중의 축축한 혈정 (4)
Cursed Odd Tempering Damp Blood Gem (5)	저주받은 강화 집중의 축축한 혈정 (5)
Cursed Odd Tempering Damp Blood Gem (6)	저주받은 강화 집중의 축축한 혈정 (6)
Cursed Odd Tempering Abyssal Blood Gem	저주받은 강화 집중의 심연 혈정
Cursed Hard Nourishing Blood Gemstone (1)	저주받은 단단함 모두 강화의 혈정석 (1)
Cursed Hard Nourishing Blood Gemstone (2)	저주받은 단단함 모두 강화의 혈정석 (2)
Cursed Hard Nourishing Blood Gemstone (3)	저주받은 단단함 모두 강화의 혈정석 (3)
Cursed Hard Nourishing Damp Blood Gem (4)	저주받은 단단함 모두 강화의 축축한 혈정 (4)
Cursed Hard Nourishing Damp Blood Gem (5)	저주받은 단단함 모두 강화의 축축한 혈정 (5)
Cursed Hard Nourishing Damp Blood Gem (6)	저주받은 단단함 모두 강화의 축축한 혈정 (6)
Cursed Hard Nourishing Abyssal Blood Gem	저주받은 단단함 모두 강화의 심연 혈정
Cursed Adept Blood Gemstone (1)	저주받은 특화의 혈정석 (1)
Cursed Adept Blood Gemstone (2)	저주받은 특화의 혈정석 (2)
Cursed Adept Blood Gemstone (3)	저주받은 특화의 혈정석 (3)
Cursed Adept Damp Blood Gem (4)	저주받은 특화의 축축한 혈정 (4)
Cursed Adept Damp Blood Gem (5)	저주받은 특화의 축축한 혈정 (5)
Cursed Adept Damp Blood Gem (6)	저주받은 특화의 축축한 혈정 (6)
Cursed Adept Abyssal Blood Gem	저주받은 특화의 심연 혈정
Cursed Bloodtinge Gemstone (1)	저주받은 혈질의 혈정석 (1)
Cursed Bloodtinge Gemstone (2)	저주받은 혈질의 혈정석 (2)
Cursed Bloodtinge Gemstone (3)	저주받은 혈질의 혈정석 (3)
Cursed Damp Bloodtinge Gem (4)	저주받은 혈질의 축축한 혈정 (4)
Cursed Damp Bloodtinge Gem (5)	저주받은 혈질의 축축한 혈정 (5)
Cursed Damp Bloodtinge Gem (6)	저주받은 혈질의 축축한 혈정 (6)
Cursed Abyssal Bloodtinge Gem	저주받은 혈질의 심연 혈정
Cursed Arcane Blood Gemstone (1)	저주받은 신비의 혈정석 (1)
Cursed Arcane Blood Gemstone (2)	저주받은 신비의 혈정석 (2)
Cursed Arcane Blood Gemstone (3)	저주받은 신비의 혈정석 (3)
Cursed Arcane Damp Blood Gem (4)	저주받은 신비의 축축한 혈정 (4)
Cursed Arcane Damp Blood Gem (5)	저주받은 신비의 축축한 혈정 (5)
Cursed Arcane Damp Blood Gem (6)	저주받은 신비의 축축한 혈정 (6)
Cursed Arcane Abyssal Blood Gem	저주받은 신비의 심연 혈정
Cursed Fire Blood Gemstone (1)	저주받은 화염의 혈정석 (1)
Cursed Fire Blood Gemstone (2)	저주받은 화염의 혈정석 (2)
Cursed Fire Blood Gemstone (3)	저주받은 화염의 혈정석 (3)
Cursed Fire Damp Blood Gem (4)	저주받은 화염의 축축한 혈정 (4)
Cursed Fire Damp Blood Gem (5)	저주받은 화염의 축축한 혈정 (5)
Cursed Fire Damp Blood Gem (6)	저주받은 화염의 축축한 혈정 (6)
Cursed Fire Abyssal Blood Gem	저주받은 화염의 심연 혈정
Cursed Bolt Blood Gemstone (1)	저주받은 번개의 혈정석 (1)
Cursed Bolt Blood Gemstone (2)	저주받은 번개의 혈정석 (2)
Cursed Bolt Blood Gemstone (3)	저주받은 번개의 혈정석 (3)
Cursed Bolt Damp Blood Gem (4)	저주받은 번개의 축축한 혈정 (4)
Cursed Bolt Damp Blood Gem (5)	저주받은 번개의 축축한 혈정 (5)
Cursed Bolt Damp Blood Gem (6)	저주받은 번개의 축축한 혈정 (6)
Cursed Bolt Abyssal Blood Gem	저주받은 번개의 심연 혈정
Cursed Tempering Blood Gemstone (2)	저주받은 강화의 혈정석 (2)
Cursed Tempering Blood Gemstone (3)	저주받은 강화의 혈정석 (3)
Cursed Tempering Damp Blood Gem (4)	저주받은 강화의 축축한 혈정 (4)
Cursed Tempering Damp Blood Gem (5)	저주받은 강화의 축축한 혈정 (5)
Cursed Tempering Damp Blood Gem (6)	저주받은 강화의 축축한 혈정 (6)
Cursed Tempering Abyssal Blood Gem	저주받은 강화의 심연 혈정
Cursed Nourishing Blood Gemstone (1)	저주받은 모두 강화의 혈정석 (1)
Cursed Nourishing Blood Gemstone (2)	저주받은 모두 강화의 혈정석 (2)
Cursed Nourishing Blood Gemstone (3)	저주받은 모두 강화의 혈정석 (3)
Cursed Nourishing Damp Blood Gem (4)	저주받은 모두 강화의 축축한 혈정 (4)
Cursed Nourishing Damp Blood Gem (5)	저주받은 모두 강화의 축축한 혈정 (5)
Cursed Nourishing Damp Blood Gem (6)	저주받은 모두 강화의 축축한 혈정 (6)
Cursed Nourishing Abyssal Blood Gem	저주받은 모두 강화의 심연 혈정
Cursed Heavy Blood Gemstone (1)	저주받은 무거운 혈정석 (1)
Cursed Heavy Blood Gemstone (2)	저주받은 무거운 혈정석 (2)
Cursed Heavy Blood Gemstone (3)	저주받은 무거운 혈정석 (3)
Cursed Heavy Damp Blood Gem (4)	저주받은 무겁고 축축한 혈정 (4)
Cursed Heavy Damp Blood Gem (5)	저주받은 무겁고 축축한 혈정 (5)
Cursed Heavy Damp Blood Gem (6)	저주받은 무겁고 축축한 혈정 (6)
Cursed Heavy Abyssal Blood Gem	저주받은 무거운 심연 혈정
Cursed Sharp Blood Gemstone (1)	저주받은 날카로운 혈정석 (1)
Cursed Sharp Blood Gemstone (2)	저주받은 날카로운 혈정석 (2)
Cursed Sharp Blood Gemstone (3)	저주받은 날카로운 혈정석 (3)
Cursed Sharp Damp Blood Gem (4)	저주받은 날카롭고 축축한 혈정 (4)
Cursed Sharp Damp Blood Gem (5)	저주받은 날카롭고 축축한 혈정 (5)
Cursed Sharp Damp Blood Gem (6)	저주받은 날카롭고 축축한 혈정 (6)
Cursed Sharp Abyssal Blood Gem	저주받은 날카로운 심연 혈정
Cursed Warm Blood Gemstone (1)	저주받은 따뜻한 혈정석 (1)
Cursed Warm Blood Gemstone (2)	저주받은 따뜻한 혈정석 (2)
Cursed Warm Blood Gemstone (3)	저주받은 따뜻한 혈정석 (3)
Cursed Warm Damp Blood Gem (4)	저주받은 따뜻하고 축축한 혈정 (4)
Cursed Warm Damp Blood Gem (5)	저주받은 따뜻하고 축축한 혈정 (5)
Cursed Warm Damp Blood Gem (6)	저주받은 따뜻하고 축축한 혈정 (6)
Cursed Warm Abyssal Blood Gem	저주받은 따뜻한 심연 혈정
Cursed Cold Blood Gemstone (1)	저주받은 차가운 혈정석 (1)
Cursed Cold Blood Gemstone (2)	저주받은 차가운 혈정석 (2)
Cursed Cold Blood Gemstone (3)	저주받은 차가운 혈정석 (3)
Cursed Cold Damp Blood Gem (4)	저주받은 차갑고 축축한 혈정 (4)
Cursed Cold Damp Blood Gem (5)	저주받은 차갑고 축축한 혈정 (5)
Cursed Cold Damp Blood Gem (6)	저주받은 차갑고 축축한 혈정 (6)
Cursed Cold Abyssal Blood Gem	저주받은 차가운 심연 혈정
Cursed Beasthunter's Blood Gemstone (1)	저주받은 야수 사냥의 혈정석 (1)
Cursed Beasthunter's Blood Gemstone (2)	저주받은 야수 사냥의 혈정석 (2)
Cursed Beasthunter's Blood Gemstone (3)	저주받은 야수 사냥의 혈정석 (3)
Cursed Beasthunter's Damp Blood Gem (4)	저주받은 야수 사냥의 축축한 혈정 (4)
Cursed Beasthunter's Damp Blood Gem (5)	저주받은 야수 사냥의 축축한 혈정 (5)
Cursed Beasthunter's Damp Blood Gem (6)	저주받은 야수 사냥의 축축한 혈정 (6)
Cursed Beasthunter's Abyssal Blood Gem	저주받은 야수 사냥의 심연 혈정
Cursed Kinhunter's Blood Gemstone (1)	저주받은 권속 사냥의 혈정석 (1)
Cursed Kinhunter's Blood Gemstone (2)	저주받은 권속 사냥의 혈정석 (2)
Cursed Kinhunter's Blood Gemstone (3)	저주받은 권속 사냥의 혈정석 (3)
Cursed Kinhunter's Damp Blood Gem (4)	저주받은 권속 사냥의 축축한 혈정 (4)
Cursed Kinhunter's Damp Blood Gem (5)	저주받은 권속 사냥의 축축한 혈정 (5)
Cursed Kinhunter's Damp Blood Gem (6)	저주받은 권속 사냥의 축축한 혈정 (6)
Cursed Kinhunter's Abyssal Blood Gem	저주받은 권속 사냥의 심연 혈정
Cursed Murky Blood Gemstone (1)	저주받은 탁한 혈정석 (1)
Cursed Murky Blood Gemstone (2)	저주받은 탁한 혈정석 (2)
Cursed Murky Blood Gemstone (3)	저주받은 탁한 혈정석 (3)
Cursed Murky Damp Blood Gem (4)	저주받은 탁하고 축축한 혈정 (4)
Cursed Murky Damp Blood Gem (5)	저주받은 탁하고 축축한 혈정 (5)
Cursed Murky Damp Blood Gem (6)	저주받은 탁하고 축축한 혈정 (6)
Cursed Murky Abyssal Blood Gem	저주받은 탁한 심연 혈정
Cursed Dirty Blood Gemstone (1)	저주받은 더러운 혈정석 (1)
Cursed Dirty Blood Gemstone (2)	저주받은 더러운 혈정석 (2)
Cursed Dirty Blood Gemstone (3)	저주받은 더러운 혈정석 (3)
Cursed Dirty Damp Blood Gem (4)	저주받은 더럽고 축축한 혈정 (4)
Cursed Dirty Damp Blood Gem (5)	저주받은 더럽고 축축한 혈정 (5)
Cursed Dirty Damp Blood Gem (6)	저주받은 더럽고 축축한 혈정 (6)
Cursed Dirty Abyssal Blood Gem	저주받은 더러운 심연 혈정
Cursed Finestrike Blood Gemstone (1)	저주받은 교격의 혈정석 (1)
Cursed Finestrike Blood Gemstone (2)	저주받은 교격의 혈정석 (2)
Cursed Finestrike Blood Gemstone (3)	저주받은 교격의 혈정석 (3)
Cursed Finestrike Damp Blood Gem (4)	저주받은 교격의 축축한 혈정 (4)
Cursed Finestrike Damp Blood Gem (5)	저주받은 교격의 축축한 혈정 (5)
Cursed Finestrike Damp Blood Gem (6)	저주받은 교격의 축축한 혈정 (6)
Cursed Finestrike Abyssal Blood Gem	저주받은 교격의 심연 혈정
Cursed Radiant Blood Gemstone (1)	저주받은 빛나는 혈정석 (1)
Cursed Radiant Blood Gemstone (2)	저주받은 빛나는 혈정석 (2)
Cursed Radiant Blood Gemstone (3)	저주받은 빛나는 혈정석 (3)
Cursed Radiant Damp Blood Gem (4)	저주받은 빛나는 축축한 혈정 (4)
Cursed Radiant Damp Blood Gem (5)	저주받은 빛나는 축축한 혈정 (5)
Cursed Radiant Damp Blood Gem (6)	저주받은 빛나는 축축한 혈정 (6)
Cursed Radiant Abyssal Blood Gem	저주받은 빛나는 심연 혈정
Cursed Striking Blood Gemstone (1)	저주받은 일격의 혈정석 (1)
Cursed Striking Blood Gemstone (2)	저주받은 일격의 혈정석 (2)
Cursed Striking Blood Gemstone (3)	저주받은 일격의 혈정석 (3)
Cursed Striking Damp Blood Gem (4)	저주받은 일격의 축축한 혈정 (4)
Cursed Striking Damp Blood Gem (5)	저주받은 일격의 축축한 혈정 (5)
Cursed Striking Damp Blood Gem (6)	저주받은 일격의 축축한 혈정 (6)
Cursed Striking Abyssal Blood Gem	저주받은 일격의 심연 혈정
Cursed Pulsing Blood Gemstone (1)	저주받은 맥이 뛰는 혈정석 (1)
Cursed Pulsing Blood Gemstone (2)	저주받은 맥이 뛰는 혈정석 (2)
Cursed Pulsing Blood Gemstone (3)	저주받은 맥이 뛰는 혈정석 (3)
Cursed Pulsing Damp Blood Gem (4)	저주받은 맥이 뛰는 축축한 혈정 (4)
Cursed Pulsing Damp Blood Gem (5)	저주받은 맥이 뛰는 축축한 혈정 (5)
Cursed Pulsing Damp Blood Gem (6)	저주받은 맥이 뛰는 축축한 혈정 (6)
Cursed Pulsing Abyssal Blood Gem	저주받은 맥이 뛰는 심연 혈정
Cursed Lethal Blood Gemstone (1)	저주받은 사투의 혈정석 (1)
Cursed Lethal Blood Gemstone (2)	저주받은 사투의 혈정석 (2)
Cursed Lethal Blood Gemstone (3)	저주받은 사투의 혈정석 (3)
Cursed Lethal Damp Blood Gem (4)	저주받은 사투의 축축한 혈정 (4)
Cursed Lethal Damp Blood Gem (5)	저주받은 사투의 축축한 혈정 (5)
Cursed Lethal Damp Blood Gem (6)	저주받은 사투의 축축한 혈정 (6)
Cursed Lethal Abyssal Blood Gem	저주받은 사투의 심연 혈정
Cursed Dense Blood Gemstone (1)	저주받은 경질의 혈정석 (1)
Cursed Dense Blood Gemstone (2)	저주받은 경질의 혈정석 (2)
Cursed Dense Blood Gemstone (3)	저주받은 경질의 혈정석 (3)
Cursed Dense Damp Blood Gem (4)	저주받은 경질의 축축한 혈정 (4)
Cursed Dense Damp Blood Gem (5)	저주받은 경질의 축축한 혈정 (5)
Cursed Dense Damp Blood Gem (6)	저주받은 경질의 축축한 혈정 (6)
Cursed Dense Abyssal Blood Gem	저주받은 경질의 심연 혈정
Cursed Fool's Blood Gemstone (1)	저주받은 어리석은 자의 혈정석 (1)
Cursed Fool's Blood Gemstone (2)	저주받은 어리석은 자의 혈정석 (2)
Cursed Fool's Blood Gemstone (3)	저주받은 어리석은 자의 혈정석 (3)
Cursed Fool's Damp Blood Gem (4)	저주받은 어리석은 자의 축축한 혈정 (4)
Cursed Fool's Damp Blood Gem (5)	저주받은 어리석은 자의 축축한 혈정 (5)
Cursed Fool's Damp Blood Gem (6)	저주받은 어리석은 자의 축축한 혈정 (6)
Cursed Fool's Abyssal Blood Gem	저주받은 어리석은 자의 심연 혈정
Cursed Poorman's Blood Gemstone (1)	저주받은 가난한 자의 혈정석 (1)
Cursed Poorman's Blood Gemstone (2)	저주받은 가난한 자의 혈정석 (2)
Cursed Poorman's Blood Gemstone (3)	저주받은 가난한 자의 혈정석 (3)
Cursed Poorman's Damp Blood Gem (4)	저주받은 가난한 자의 축축한 혈정 (4)
Cursed Poorman's Damp Blood Gem (5)	저주받은 가난한 자의 축축한 혈정 (5)
Cursed Poorman's Damp Blood Gem (6)	저주받은 가난한 자의 축축한 혈정 (6)
Cursed Poorman's Abyssal Blood Gem	저주받은 가난한 자의 심연 혈정
Cursed Forlorn Blood Gemstone (1)	저주받은 고독한 혈정석 (1)
Cursed Forlorn Blood Gemstone (2)	저주받은 고독한 혈정석 (2)
Cursed Forlorn Blood Gemstone (3)	저주받은 고독한 혈정석 (3)
Cursed Forlorn Damp Blood Gem (4)	저주받은 고독하고 축축한 혈정 (4)
Cursed Forlorn Damp Blood Gem (5)	저주받은 고독하고 축축한 혈정 (5)
Cursed Forlorn Damp Blood Gem (6)	저주받은 고독하고 축축한 혈정 (6)
Cursed Forlorn Abyssal Blood Gem	저주받은 고독한 심연 혈정
Cursed Blood Gemstone (1)	저주받은 혈정석 (1)
Cursed Blood Gemstone (2)	저주받은 혈정석 (2)
Cursed Blood Gemstone (3)	저주받은 혈정석 (3)
Cursed Damp Blood Gem (4)	저주받은 축축한 혈정 (4)
Cursed Damp Blood Gem (5)	저주받은 축축한 혈정 (5)
Cursed Damp Blood Gem (6)	저주받은 축축한 혈정 (6)
Cursed Abyssal Blood Gem	저주받은 심연 혈정
Blood Gemstone (1)	혈정석 (1)
Blood Gemstone (2)	혈정석 (2)
Blood Gemstone (3)	혈정석 (3)
Damp Blood Gem (4)	축축한 혈정 (4)
Damp Blood Gem (5)	축축한 혈정 (5)
Damp Blood Gem (6)	축축한 혈정 (6)
Abyssal Blood Gem	심연 혈정
Moon	"달"
Eye	"눈"
Clockwise Metamorphosis	"시계방향 변태"
Anti-Clockwise Metamorphosis	"반시계방향 변태"
Clawmark	"손톱자국"
Blood Rapture	"피의 기쁨"
Oedon Writhe	"오에돈의 꿈틀거림"
Heir	"계승"
Lake	"호수"
Arcane Lake	"신비의 호수"
Fading Lake	"사라져 가는 호수"
Dissipating Lake	"지는 호수"
Great Lake	"거대한 호수"
Clear Deep Sea	"맑은 심해"
Stunning Deep Sea	"아름다운 심해"
Deep Sea	"심해"
Great Deep Sea	"거대한 심해"
Beast	"야수"
Communion	"성찬식"
Formless Oedon	"형태 없는 오에돈"
Guidance	"인도"
Gold Blood Gem	황금의 혈정석
Radiance	"광휘"
Corruption	"타락"
Hunter	"사냥"
Impurity	"부정"
Beast's Embrace	"야수의 포옹"
Milkweed	"양분의 침대"
Red Blood Gem	붉은 혈정석
Tear Blood Gem	눈물의 혈정석
